GO_FILOPODIUM	GO:0030175
GO_NUCLEAR_CHROMOSOME_TELOMERIC_REGION	GO:0000784
GO_CLATHRIN_SCULPTED_VESICLE	GO:0060198
GO_I_BAND	GO:0031674
GO_AGGRESOME	GO:0016235
GO_MULTIVESICULAR_BODY	GO:0005771
GO_RNA_CAP_BINDING_COMPLEX	GO:0034518
GO_LOW_DENSITY_LIPOPROTEIN_PARTICLE	GO:0034362
GO_EXTRACELLULAR_MATRIX	GO:0031012
GO_PHAGOCYTIC_VESICLE	GO:0045335
GO_ENDOLYSOSOME	GO:0036019
GO_90S_PRERIBOSOME	GO:0030686
GO_CYTOCHROME_COMPLEX	GO:0070069
GO_CHROMOSOME	GO:0005694
GO_CONDENSED_NUCLEAR_CHROMOSOME	GO:0000794
GO_NUCLEAR_ENVELOPE	GO:0005635
GO_RETROMER_COMPLEX	GO:0030904
GO_NUCLEAR_EXOSOME_RNASE_COMPLEX	GO:0000176
GO_TRANSCRIPTION_FACTOR_TFIID_COMPLEX	GO:0005669
GO_CENTRIOLE	GO:0005814
GO_MICROTUBULE_CYTOSKELETON	GO:0015630
GO_LYSOSOMAL_LUMEN	GO:0043202
GO_CELL_CELL_CONTACT_ZONE	GO:0044291
GO_MUSCLE_MYOSIN_COMPLEX	GO:0005859
GO_VOLTAGE_GATED_CALCIUM_CHANNEL_COMPLEX	GO:0005891
GO_INFLAMMASOME_COMPLEX	GO:0061702
GO_IMMUNOLOGICAL_SYNAPSE	GO:0001772
GO_GABA_RECEPTOR_COMPLEX	GO:1902710
GO_ENDOPLASMIC_RETICULUM_TUBULAR_NETWORK	GO:0071782
GO_FILOPODIUM_MEMBRANE	GO:0031527
GO_TRANSCRIPTION_EXPORT_COMPLEX	GO:0000346
GO_U1_SNRNP	GO:0005685
GO_ANCHORED_COMPONENT_OF_EXTERNAL_SIDE_OF_PLASMA_MEMBRANE	GO:0031362
GO_NUCLEOID	GO:0009295
GO_KINESIN_COMPLEX	GO:0005871
GO_BASOLATERAL_PLASMA_MEMBRANE	GO:0016323
GO_NUCLEAR_OUTER_MEMBRANE	GO:0005640
GO_CATION_TRANSPORTING_ATPASE_COMPLEX	GO:0090533
GO_CYTOPLASMIC_STRESS_GRANULE	GO:0010494
GO_SECRETORY_GRANULE	GO:0030141
GO_INTRINSIC_COMPONENT_OF_MITOCHONDRIAL_OUTER_MEMBRANE	GO:0031306
GO_OXIDOREDUCTASE_COMPLEX	GO:1990204
GO_VESICLE_MEMBRANE	GO:0012506
GO_SAGA_COMPLEX	GO:0000124
GO_CYTOPLASMIC_UBIQUITIN_LIGASE_COMPLEX	GO:0000153
GO_AUTOPHAGOSOME	GO:0005776
GO_LARGE_RIBOSOMAL_SUBUNIT	GO:0015934
GO_H4_HISTONE_ACETYLTRANSFERASE_COMPLEX	GO:1902562
GO_ZYMOGEN_GRANULE	GO:0042588
GO_TRANS_GOLGI_NETWORK_TRANSPORT_VESICLE_MEMBRANE	GO:0012510
GO_ENDOSOME_LUMEN	GO:0031904
GO_INTERCALATED_DISC	GO:0014704
GO_LATE_ENDOSOME_MEMBRANE	GO:0031902
GO_EXCITATORY_SYNAPSE	GO:0060076
GO_TRANSFERASE_COMPLEX_TRANSFERRING_PHOSPHORUS_CONTAINING_GROUPS	GO:0061695
GO_CHROMOSOME_CENTROMERIC_REGION	GO:0000775
GO_DNA_POLYMERASE_COMPLEX	GO:0042575
GO_PLATELET_ALPHA_GRANULE	GO:0031091
GO_TELOMERASE_HOLOENZYME_COMPLEX	GO:0005697
GO_INTRINSIC_COMPONENT_OF_ORGANELLE_MEMBRANE	GO:0031300
GO_ADA2_GCN5_ADA3_TRANSCRIPTION_ACTIVATOR_COMPLEX	GO:0005671
GO_SARCOPLASMIC_RETICULUM_MEMBRANE	GO:0033017
GO_U2_TYPE_SPLICEOSOMAL_COMPLEX	GO:0005684
GO_PLASMA_MEMBRANE_SIGNALING_RECEPTOR_COMPLEX	GO:0098802
GO_ACROSOMAL_MEMBRANE	GO:0002080
GO_MICROBODY_MEMBRANE	GO:0031903
GO_COPI_VESICLE_COAT	GO:0030126
GO_CYTOPLASMIC_SIDE_OF_MEMBRANE	GO:0098562
GO_PLATELET_ALPHA_GRANULE_MEMBRANE	GO:0031092
GO_NEURON_PROJECTION_TERMINUS	GO:0044306
GO_CYTOPLASMIC_REGION	GO:0099568
GO_PROTEASOME_REGULATORY_PARTICLE_BASE_SUBCOMPLEX	GO:0008540
GO_RIBOSOME	GO:0005840
GO_MHC_PROTEIN_COMPLEX	GO:0042611
GO_ACTIN_CYTOSKELETON	GO:0015629
GO_GLYCOPROTEIN_COMPLEX	GO:0090665
GO_EXOCYTIC_VESICLE	GO:0070382
GO_RNA_POLYMERASE_COMPLEX	GO:0030880
GO_MRNA_CLEAVAGE_FACTOR_COMPLEX	GO:0005849
GO_PERINUCLEAR_REGION_OF_CYTOPLASM	GO:0048471
GO_RNA_POLYMERASE_II_TRANSCRIPTION_FACTOR_COMPLEX	GO:0090575
GO_INO80_TYPE_COMPLEX	GO:0097346
GO_SMN_COMPLEX	GO:0032797
GO_GOLGI_STACK	GO:0005795
GO_SCF_UBIQUITIN_LIGASE_COMPLEX	GO:0019005
GO_CD40_RECEPTOR_COMPLEX	GO:0035631
GO_BLOC_1_COMPLEX	GO:0031083
GO_T_CELL_RECEPTOR_COMPLEX	GO:0042101
GO_VACUOLE	GO:0005773
GO_SECRETORY_VESICLE	GO:0099503
GO_NUCLEAR_SPECK	GO:0016607
GO_NUCLEAR_TRANSCRIPTIONAL_REPRESSOR_COMPLEX	GO:0090568
GO_NUCLEAR_CYCLIN_DEPENDENT_PROTEIN_KINASE_HOLOENZYME_COMPLEX	GO:0019908
GO_SITE_OF_POLARIZED_GROWTH	GO:0030427
GO_ENDOCYTIC_VESICLE	GO:0030139
GO_CHROMOSOMAL_REGION	GO:0098687
GO_INCLUSION_BODY	GO:0016234
GO_MITOTIC_SPINDLE	GO:0072686
GO_ANAPHASE_PROMOTING_COMPLEX	GO:0005680
GO_NUCLEAR_INCLUSION_BODY	GO:0042405
GO_PROTON_TRANSPORTING_TWO_SECTOR_ATPASE_COMPLEX_PROTON_TRANSPORTING_DOMAIN	GO:0033177
GO_MALE_GERM_CELL_NUCLEUS	GO:0001673
GO_MYOFILAMENT	GO:0036379
GO_GEMINI_OF_COILED_BODIES	GO:0097504
GO_CELL_PROJECTION_MEMBRANE	GO:0031253
GO_APICAL_PART_OF_CELL	GO:0045177
GO_INTRINSIC_COMPONENT_OF_ENDOPLASMIC_RETICULUM_MEMBRANE	GO:0031227
GO_SPINDLE_POLE	GO:0000922
GO_FANCONI_ANAEMIA_NUCLEAR_COMPLEX	GO:0043240
GO_SEX_CHROMOSOME	GO:0000803
GO_CAJAL_BODY	GO:0015030
GO_ROUGH_ENDOPLASMIC_RETICULUM	GO:0005791
GO_TRANSFERASE_COMPLEX	GO:1990234
GO_VACUOLAR_PROTON_TRANSPORTING_V_TYPE_ATPASE_COMPLEX	GO:0016471
GO_APICAL_JUNCTION_COMPLEX	GO:0043296
GO_MICROBODY	GO:0042579
GO_GERM_CELL_NUCLEUS	GO:0043073
GO_INTRINSIC_COMPONENT_OF_PLASMA_MEMBRANE	GO:0031226
GO_PORE_COMPLEX	GO:0046930
GO_LUMENAL_SIDE_OF_MEMBRANE	GO:0098576
GO_GOLGI_ASSOCIATED_VESICLE_MEMBRANE	GO:0030660
GO_CYTOPLASMIC_EXOSOME_RNASE_COMPLEX	GO:0000177
GO_INTRINSIC_COMPONENT_OF_PEROXISOMAL_MEMBRANE	GO:0031231
GO_VESICLE_COAT	GO:0030120
GO_POSTSYNAPSE	GO:0098794
GO_PRECATALYTIC_SPLICEOSOME	GO:0071011
GO_AXON	GO:0030424
GO_CLATHRIN_COAT	GO:0030118
GO_BASAL_PLASMA_MEMBRANE	GO:0009925
GO_MCM_COMPLEX	GO:0042555
GO_NUCLEAR_BODY	GO:0016604
GO_AMPA_GLUTAMATE_RECEPTOR_COMPLEX	GO:0032281
GO_CLATHRIN_COATED_VESICLE	GO:0030136
GO_PROTEIN_KINASE_COMPLEX	GO:1902911
GO_VESICLE_LUMEN	GO:0031983
GO_PROTEIN_COMPLEX_INVOLVED_IN_CELL_ADHESION	GO:0098636
GO_TRANS_GOLGI_NETWORK	GO:0005802
GO_PHOTORECEPTOR_OUTER_SEGMENT_MEMBRANE	GO:0042622
GO_HOPS_COMPLEX	GO:0030897
GO_ORGANELLE_MEMBRANE_CONTACT_SITE	GO:0044232
GO_SODIUM_CHANNEL_COMPLEX	GO:0034706
GO_EUKARYOTIC_TRANSLATION_INITIATION_FACTOR_3_COMPLEX	GO:0005852
GO_CCR4_NOT_COMPLEX	GO:0030014
GO_M_BAND	GO:0031430
GO_NPBAF_COMPLEX	GO:0071564
GO_OUTER_MITOCHONDRIAL_MEMBRANE_PROTEIN_COMPLEX	GO:0098799
GO_CORTICAL_CYTOSKELETON	GO:0030863
GO_MYOSIN_FILAMENT	GO:0032982
GO_CYTOSOLIC_SMALL_RIBOSOMAL_SUBUNIT	GO:0022627
GO_SNARE_COMPLEX	GO:0031201
GO_DNA_REPLICATION_FACTOR_A_COMPLEX	GO:0005662
GO_UBIQUITIN_LIGASE_COMPLEX	GO:0000151
GO_ROUGH_ENDOPLASMIC_RETICULUM_MEMBRANE	GO:0030867
GO_AXON_INITIAL_SEGMENT	GO:0043194
GO_U2_SNRNP	GO:0005686
GO_ACTIN_FILAMENT_BUNDLE	GO:0032432
GO_PERINUCLEAR_ENDOPLASMIC_RETICULUM	GO:0097038
GO_CILIARY_TIP	GO:0097542
GO_PRONUCLEUS	GO:0045120
GO_ORGANELLE_INNER_MEMBRANE	GO:0019866
GO_GOLGI_CISTERNA	GO:0031985
GO_NUCLEAR_NUCLEOSOME	GO:0000788
GO_PCG_PROTEIN_COMPLEX	GO:0031519
GO_POTASSIUM_CHANNEL_COMPLEX	GO:0034705
GO_SMALL_RIBOSOMAL_SUBUNIT	GO:0015935
GO_COPI_COATED_VESICLE_MEMBRANE	GO:0030663
GO_PROTON_TRANSPORTING_TWO_SECTOR_ATPASE_COMPLEX	GO:0016469
GO_CENTROSOME	GO:0005813
GO_SET1C_COMPASS_COMPLEX	GO:0048188
GO_PROTEIN_PHOSPHATASE_TYPE_1_COMPLEX	GO:0000164
GO_NODE_OF_RANVIER	GO:0033268
GO_COMPACT_MYELIN	GO:0043218
GO_MOTILE_CILIUM	GO:0031514
GO_MICROVILLUS	GO:0005902
GO_DENDRITIC_SHAFT	GO:0043198
GO_CYTOSOLIC_PROTEASOME_COMPLEX	GO:0031597
GO_PML_BODY	GO:0016605
GO_CELL_CORTEX_REGION	GO:0099738
GO_NEURON_SPINE	GO:0044309
GO_NUCLEAR_CHROMOSOME	GO:0000228
GO_ENDOCYTIC_VESICLE_MEMBRANE	GO:0030666
GO_HIGH_DENSITY_LIPOPROTEIN_PARTICLE	GO:0034364
GO_NMDA_SELECTIVE_GLUTAMATE_RECEPTOR_COMPLEX	GO:0017146
GO_BLOOD_MICROPARTICLE	GO:0072562
GO_PRERIBOSOME	GO:0030684
GO_PARANODE_REGION_OF_AXON	GO:0033270
GO_AXONAL_GROWTH_CONE	GO:0044295
GO_PROTEIN_DNA_COMPLEX	GO:0032993
GO_APICAL_DENDRITE	GO:0097440
GO_ACTOMYOSIN	GO:0042641
GO_STEREOCILIUM_BUNDLE	GO:0032421
GO_ORGANELLAR_RIBOSOME	GO:0000313
GO_TRANSCRIPTIONAL_REPRESSOR_COMPLEX	GO:0017053
GO_NUCLEAR_REPLICATION_FORK	GO:0043596
GO_INVADOPODIUM	GO:0071437
GO_EXON_EXON_JUNCTION_COMPLEX	GO:0035145
GO_COSTAMERE	GO:0043034
GO_CHROMATIN	GO:0000785
GO_BASEMENT_MEMBRANE	GO:0005604
GO_BRUSH_BORDER	GO:0005903
GO_MITOCHONDRIAL_MATRIX	GO:0005759
GO_PLATELET_DENSE_TUBULAR_NETWORK	GO:0031094
GO_CELL_JUNCTION	GO:0030054
GO_COMPLEX_OF_COLLAGEN_TRIMERS	GO:0098644
GO_EARLY_ENDOSOME_MEMBRANE	GO:0031901
GO_TRANSCRIPTION_FACTOR_COMPLEX	GO:0005667
GO_MYELIN_SHEATH	GO:0043209
GO_SPLICEOSOMAL_TRI_SNRNP_COMPLEX	GO:0097526
GO_PLATELET_ALPHA_GRANULE_LUMEN	GO:0031093
GO_MICROVILLUS_MEMBRANE	GO:0031528
GO_RIBONUCLEOPROTEIN_GRANULE	GO:0035770
GO_CLATHRIN_COATED_ENDOCYTIC_VESICLE	GO:0045334
GO_ARP2_3_PROTEIN_COMPLEX	GO:0005885
GO_LEADING_EDGE_MEMBRANE	GO:0031256
GO_CONTRACTILE_FIBER	GO:0043292
GO_TRANSCRIPTION_FACTOR_TFTC_COMPLEX	GO:0033276
GO_CYTOSOLIC_LARGE_RIBOSOMAL_SUBUNIT	GO:0022625
GO_CLUSTER_OF_ACTIN_BASED_CELL_PROJECTIONS	GO:0098862
GO_PHAGOCYTIC_CUP	GO:0001891
GO_PROTON_TRANSPORTING_TWO_SECTOR_ATPASE_COMPLEX_CATALYTIC_DOMAIN	GO:0033178
GO_MICROTUBULE	GO:0005874
GO_COPI_COATED_VESICLE	GO:0030137
GO_NUCLEAR_EUCHROMATIN	GO:0005719
GO_CORTICAL_ACTIN_CYTOSKELETON	GO:0030864
GO_PERICENTRIC_HETEROCHROMATIN	GO:0005721
GO_GLIAL_CELL_PROJECTION	GO:0097386
GO_SPECIFIC_GRANULE	GO:0042581
GO_HETEROTRIMERIC_G_PROTEIN_COMPLEX	GO:0005834
GO_ENDOPLASMIC_RETICULUM_LUMEN	GO:0005788
GO_LATERAL_PLASMA_MEMBRANE	GO:0016328
GO_EXTRINSIC_COMPONENT_OF_ORGANELLE_MEMBRANE	GO:0031312
GO_PLATELET_DENSE_GRANULE_LUMEN	GO:0031089
GO_MYOSIN_COMPLEX	GO:0016459
GO_VOLTAGE_GATED_SODIUM_CHANNEL_COMPLEX	GO:0001518
GO_DNA_REPAIR_COMPLEX	GO:1990391
GO_CLATHRIN_VESICLE_COAT	GO:0030125
GO_SIN3_COMPLEX	GO:0016580
GO_ESCRT_COMPLEX	GO:0036452
GO_CELL_SUBSTRATE_JUNCTION	GO:0030055
GO_CILIARY_TRANSITION_ZONE	GO:0035869
GO_U5_SNRNP	GO:0005682
GO_ENDOCYTIC_VESICLE_LUMEN	GO:0071682
GO_HISTONE_METHYLTRANSFERASE_COMPLEX	GO:0035097
GO_MICROTUBULE_PLUS_END	GO:0035371
GO_SAGA_TYPE_COMPLEX	GO:0070461
GO_CELL_DIVISION_SITE	GO:0032153
GO_NUCLEAR_HETEROCHROMATIN	GO:0005720
GO_PRC1_COMPLEX	GO:0035102
GO_GOLGI_ASSOCIATED_VESICLE	GO:0005798
GO_INTRINSIC_COMPONENT_OF_GOLGI_MEMBRANE	GO:0031228
GO_SYNAPSE	GO:0045202
GO_CHLORIDE_CHANNEL_COMPLEX	GO:0034707
GO_CLATHRIN_COAT_OF_COATED_PIT	GO:0030132
GO_SIN3_TYPE_COMPLEX	GO:0070822
GO_POSTSYNAPTIC_MEMBRANE	GO:0045211
GO_SMALL_SUBUNIT_PROCESSOME	GO:0032040
GO_RUFFLE_MEMBRANE	GO:0032587
GO_CELL_TRAILING_EDGE	GO:0031254
GO_CATION_CHANNEL_COMPLEX	GO:0034703
GO_MLL1_2_COMPLEX	GO:0044665
GO_METHYLTRANSFERASE_COMPLEX	GO:0034708
GO_N_TERMINAL_PROTEIN_ACETYLTRANSFERASE_COMPLEX	GO:0031414
GO_PROTON_TRANSPORTING_ATP_SYNTHASE_COMPLEX_COUPLING_FACTOR_F_O	GO:0045263
GO_GOLGI_MEMBRANE	GO:0000139
GO_COATED_VESICLE_MEMBRANE	GO:0030662
GO_SMOOTH_ENDOPLASMIC_RETICULUM	GO:0005790
GO_ATPASE_COMPLEX	GO:1904949
GO_NUCLEAR_INNER_MEMBRANE	GO:0005637
GO_LATE_ENDOSOME	GO:0005770
GO_VACUOLAR_LUMEN	GO:0005775
GO_LAMELLIPODIUM_MEMBRANE	GO:0031258
GO_ER_TO_GOLGI_TRANSPORT_VESICLE_MEMBRANE	GO:0012507
GO_SPINDLE_MIDZONE	GO:0051233
GO_PRESYNAPTIC_MEMBRANE	GO:0042734
GO_XY_BODY	GO:0001741
GO_COP9_SIGNALOSOME	GO:0008180
GO_INNER_MITOCHONDRIAL_MEMBRANE_PROTEIN_COMPLEX	GO:0098800
GO_NEURON_PROJECTION	GO:0043005
GO_BLOC_COMPLEX	GO:0031082
GO_BETA_CATENIN_DESTRUCTION_COMPLEX	GO:0030877
GO_APICOLATERAL_PLASMA_MEMBRANE	GO:0016327
GO_CATALYTIC_COMPLEX	GO:1902494
GO_FILOPODIUM_TIP	GO:0032433
GO_MISMATCH_REPAIR_COMPLEX	GO:0032300
GO_KINETOCHORE	GO:0000776
GO_INTERSTITIAL_MATRIX	GO:0005614
GO_CYTOPLASMIC_DYNEIN_COMPLEX	GO:0005868
GO_ENDOLYSOSOME_MEMBRANE	GO:0036020
GO_PRESPLICEOSOME	GO:0071010
GO_SPERM_PRINCIPAL_PIECE	GO:0097228
GO_CATALYTIC_STEP_2_SPLICEOSOME	GO:0071013
GO_MITOCHONDRION	GO:0005739
GO_CELL_SURFACE	GO:0009986
GO_HEMOGLOBIN_COMPLEX	GO:0005833
GO_DENDRITE_MEMBRANE	GO:0032590
GO_PRP19_COMPLEX	GO:0000974
GO_CONDENSED_CHROMOSOME_CENTROMERIC_REGION	GO:0000779
GO_TRICARBOXYLIC_ACID_CYCLE_ENZYME_COMPLEX	GO:0045239
GO_STAGA_COMPLEX	GO:0030914
GO_SPERM_MIDPIECE	GO:0097225
GO_SECRETORY_GRANULE_MEMBRANE	GO:0030667
GO_DNA_PACKAGING_COMPLEX	GO:0044815
GO_POLE_PLASM	GO:0045495
GO_TRANSPORTER_COMPLEX	GO:1990351
GO_SIDE_OF_MEMBRANE	GO:0098552
GO_PHOTORECEPTOR_CONNECTING_CILIUM	GO:0032391
GO_CONDENSED_CHROMOSOME_OUTER_KINETOCHORE	GO:0000940
GO_CLATHRIN_COATED_VESICLE_MEMBRANE	GO:0030665
GO_MEMBRANE_PROTEIN_COMPLEX	GO:0098796
GO_INTRINSIC_COMPONENT_OF_THE_CYTOPLASMIC_SIDE_OF_THE_PLASMA_MEMBRANE	GO:0031235
GO_NUCLEAR_OUTER_MEMBRANE_ENDOPLASMIC_RETICULUM_MEMBRANE_NETWORK	GO:0042175
GO_TRANSCRIPTIONALLY_ACTIVE_CHROMATIN	GO:0035327
GO_ENDOPLASMIC_RETICULUM_CHAPERONE_COMPLEX	GO:0034663
GO_SCHMIDT_LANTERMAN_INCISURE	GO:0043220
GO_SEMAPHORIN_RECEPTOR_COMPLEX	GO:0002116
GO_AXON_CYTOPLASM	GO:1904115
GO_LAMELLIPODIUM	GO:0030027
GO_NUCLEAR_TRANSCRIPTION_FACTOR_COMPLEX	GO:0044798
GO_MIDBODY	GO:0030496
GO_HETEROCHROMATIN	GO:0000792
GO_DNA_HELICASE_COMPLEX	GO:0033202
GO_CHROMOCENTER	GO:0010369
GO_SPLICEOSOMAL_COMPLEX	GO:0005681
GO_SARCOPLASM	GO:0016528
GO_CELL_CELL_JUNCTION	GO:0005911
GO_CONDENSED_NUCLEAR_CHROMOSOME_CENTROMERIC_REGION	GO:0000780
GO_PHOSPHATIDYLINOSITOL_3_KINASE_COMPLEX	GO:0005942
GO_INTRACILIARY_TRANSPORT_PARTICLE_B	GO:0030992
GO_REPLICATION_FORK	GO:0005657
GO_IMMUNOGLOBULIN_COMPLEX	GO:0019814
GO_SMALL_NUCLEOLAR_RIBONUCLEOPROTEIN_COMPLEX	GO:0005732
GO_SMN_SM_PROTEIN_COMPLEX	GO:0034719
GO_RECEPTOR_COMPLEX	GO:0043235
GO_INTRACILIARY_TRANSPORT_PARTICLE	GO:0030990
GO_ANCHORING_JUNCTION	GO:0070161
GO_PRERIBOSOME_LARGE_SUBUNIT_PRECURSOR	GO:0030687
GO_ENDOPLASMIC_RETICULUM_GOLGI_INTERMEDIATE_COMPARTMENT_MEMBRANE	GO:0033116
GO_EXTRINSIC_COMPONENT_OF_CYTOPLASMIC_SIDE_OF_PLASMA_MEMBRANE	GO:0031234
GO_GAMMA_TUBULIN_COMPLEX	GO:0000930
GO_POLYSOME	GO:0005844
GO_PRESYNAPTIC_ACTIVE_ZONE	GO:0048786
GO_EXOCYST	GO:0000145
GO_PODOSOME	GO:0002102
GO_CILIARY_BASE	GO:0097546
GO_AUTOPHAGOSOME_MEMBRANE	GO:0000421
GO_INTRINSIC_COMPONENT_OF_MITOCHONDRIAL_INNER_MEMBRANE	GO:0031304
GO_DYNEIN_COMPLEX	GO:0030286
GO_CARBOXY_TERMINAL_DOMAIN_PROTEIN_KINASE_COMPLEX	GO:0032806
GO_DESMOSOME	GO:0030057
GO_RECYCLING_ENDOSOME_MEMBRANE	GO:0055038
GO_ORGANELLE_ENVELOPE_LUMEN	GO:0031970
GO_SPINDLE_MICROTUBULE	GO:0005876
GO_GOLGI_TRANSPORT_COMPLEX	GO:0017119
GO_OUTER_MEMBRANE	GO:0019867
GO_RIBOSOMAL_SUBUNIT	GO:0044391
GO_CIS_GOLGI_NETWORK	GO:0005801
GO_TRANS_GOLGI_NETWORK_TRANSPORT_VESICLE	GO:0030140
GO_INHIBITORY_SYNAPSE	GO:0060077
GO_MICROTUBULE_END	GO:1990752
GO_NUCLEAR_MATRIX	GO:0016363
GO_AXOLEMMA	GO:0030673
GO_MICROTUBULE_ASSOCIATED_COMPLEX	GO:0005875
GO_APICAL_PLASMA_MEMBRANE	GO:0016324
GO_PHAGOCYTIC_VESICLE_MEMBRANE	GO:0030670
GO_PHOTORECEPTOR_INNER_SEGMENT	GO:0001917
GO_EUCHROMATIN	GO:0000791
GO_CELL_CORTEX	GO:0005938
GO_ENDOPLASMIC_RETICULUM_QUALITY_CONTROL_COMPARTMENT	GO:0044322
GO_INTRINSIC_COMPONENT_OF_MITOCHONDRIAL_MEMBRANE	GO:0098573
GO_LATERAL_ELEMENT	GO:0000800
GO_INTERMEDIATE_FILAMENT_CYTOSKELETON	GO:0045111
GO_ACROSOMAL_VESICLE	GO:0001669
GO_PSEUDOPODIUM	GO:0031143
GO_T_TUBULE	GO:0030315
GO_ENDOPLASMIC_RETICULUM_GOLGI_INTERMEDIATE_COMPARTMENT	GO:0005793
GO_PLASMA_MEMBRANE_REGION	GO:0098590
GO_NEURON_PROJECTION_MEMBRANE	GO:0032589
GO_INTEGRATOR_COMPLEX	GO:0032039
GO_SARCOLEMMA	GO:0042383
GO_IKAPPAB_KINASE_COMPLEX	GO:0008385
GO_CELL_BODY	GO:0044297
GO_CUL4_RING_E3_UBIQUITIN_LIGASE_COMPLEX	GO:0080008
GO_CONDENSED_CHROMOSOME	GO:0000793
GO_ESC_E_Z_COMPLEX	GO:0035098
GO_NUCLEAR_PERIPHERY	GO:0034399
GO_CULLIN_RING_UBIQUITIN_LIGASE_COMPLEX	GO:0031461
GO_MAIN_AXON	GO:0044304
GO_LAMELLAR_BODY	GO:0042599
GO_CHROMATOID_BODY	GO:0033391
GO_CHROMOSOME_TELOMERIC_REGION	GO:0000781
GO_TOR_COMPLEX	GO:0038201
GO_WNT_SIGNALOSOME	GO:1990909
GO_ACTIN_BASED_CELL_PROJECTION	GO:0098858
GO_REPLISOME	GO:0030894
GO_CILIARY_MEMBRANE	GO:0060170
GO_COATED_VESICLE	GO:0030135
GO_INTERCELLULAR_BRIDGE	GO:0045171
GO_MHC_CLASS_II_PROTEIN_COMPLEX	GO:0042613
GO_KERATIN_FILAMENT	GO:0045095
GO_RNAI_EFFECTOR_COMPLEX	GO:0031332
GO_PRESYNAPSE	GO:0098793
GO_A_BAND	GO:0031672
GO_NEUROMUSCULAR_JUNCTION	GO:0031594
GO_SOMATODENDRITIC_COMPARTMENT	GO:0036477
GO_EXTERNAL_SIDE_OF_PLASMA_MEMBRANE	GO:0009897
GO_CUL3_RING_UBIQUITIN_LIGASE_COMPLEX	GO:0031463
GO_ENVELOPE	GO:0031975
GO_RUFFLE	GO:0001726
GO_WASH_COMPLEX	GO:0071203
GO_DENDRITE_CYTOPLASM	GO:0032839
GO_CORNIFIED_ENVELOPE	GO:0001533
GO_PERIKARYON	GO:0043204
GO_GOLGI_APPARATUS	GO:0005794
GO_NUCLEOLUS	GO:0005730
GO_PERICENTRIOLAR_MATERIAL	GO:0000242
GO_TELOMERE_CAP_COMPLEX	GO:0000782
GO_NUCLEOTIDE_EXCISION_REPAIR_COMPLEX	GO:0000109
GO_NUCLEAR_PORE	GO:0005643
GO_AP_TYPE_MEMBRANE_COAT_ADAPTOR_COMPLEX	GO:0030119
GO_MYOSIN_II_COMPLEX	GO:0016460
GO_NUCLEAR_MEMBRANE	GO:0031965
GO_SWI_SNF_COMPLEX	GO:0016514
GO_CYTOPLASMIC_MICROTUBULE	GO:0005881
GO_CLATHRIN_COAT_OF_ENDOCYTIC_VESICLE	GO:0030128
GO_PIGMENT_GRANULE	GO:0048770
GO_EXTRINSIC_COMPONENT_OF_MEMBRANE	GO:0019898
GO_SPINDLE	GO:0005819
GO_TRANSPORT_VESICLE	GO:0030133
GO_TRANSCRIPTION_ELONGATION_FACTOR_COMPLEX	GO:0008023
GO_ACTIN_FILAMENT	GO:0005884
GO_INTRINSIC_COMPONENT_OF_EXTERNAL_SIDE_OF_PLASMA_MEMBRANE	GO:0031233
GO_CILIARY_PLASM	GO:0097014
GO_GOLGI_LUMEN	GO:0005796
GO_ESCRT_III_COMPLEX	GO:0000815
GO_COHESIN_COMPLEX	GO:0008278
GO_MITOCHONDRIAL_ENVELOPE	GO:0005740
GO_RIBONUCLEOPROTEIN_COMPLEX	GO:1990904
GO_CELL_LEADING_EDGE	GO:0031252
GO_CLATHRIN_COATED_ENDOCYTIC_VESICLE_MEMBRANE	GO:0030669
GO_ENDOPLASMIC_RETICULUM	GO:0005783
GO_CALCIUM_CHANNEL_COMPLEX	GO:0034704
GO_TRANSLATION_PREINITIATION_COMPLEX	GO:0070993
GO_MITOCHONDRIAL_PROTEIN_COMPLEX	GO:0098798
GO_MICROTUBULE_ORGANIZING_CENTER	GO:0005815
GO_PROTON_TRANSPORTING_V_TYPE_ATPASE_COMPLEX	GO:0033176
GO_PROTEIN_LIPID_COMPLEX	GO:0032994
GO_MEMBRANE_REGION	GO:0098589
GO_NBAF_COMPLEX	GO:0071565
GO_MEDIATOR_COMPLEX	GO:0016592
GO_CILIUM	GO:0005929
GO_EXTRINSIC_COMPONENT_OF_PLASMA_MEMBRANE	GO:0019897
GO_BRUSH_BORDER_MEMBRANE	GO:0031526
GO_TERMINAL_BOUTON	GO:0043195
GO_ANCHORED_COMPONENT_OF_PLASMA_MEMBRANE	GO:0046658
GO_AXONEMAL_DYNEIN_COMPLEX	GO:0005858
GO_MAST_CELL_GRANULE	GO:0042629
GO_RECYCLING_ENDOSOME	GO:0055037
GO_EARLY_ENDOSOME	GO:0005769
GO_PROTEASOME_ACCESSORY_COMPLEX	GO:0022624
GO_CYTOSOLIC_RIBOSOME	GO:0022626
GO_PHOTORECEPTOR_DISC_MEMBRANE	GO:0097381
GO_PROTEIN_PHOSPHATASE_TYPE_2A_COMPLEX	GO:0000159
GO_CILIARY_BASAL_BODY	GO:0036064
GO_TRANS_GOLGI_NETWORK_MEMBRANE	GO:0032588
GO_ENDOSOME	GO:0005768
GO_TRANSPORT_VESICLE_MEMBRANE	GO:0030658
GO_HISTONE_DEACETYLASE_COMPLEX	GO:0000118
GO_PHOTORECEPTOR_OUTER_SEGMENT	GO:0001750
GO_U12_TYPE_SPLICEOSOMAL_COMPLEX	GO:0005689
GO_BASAL_PART_OF_CELL	GO:0045178
GO_SODIUM_POTASSIUM_EXCHANGING_ATPASE_COMPLEX	GO:0005890
GO_SITE_OF_DOUBLE_STRAND_BREAK	GO:0035861
GO_PLASMA_MEMBRANE_RAFT	GO:0044853
GO_MICROBODY_LUMEN	GO:0031907
GO_FILAMENTOUS_ACTIN	GO:0031941
GO_METHYLOSOME	GO:0034709
GO_GOLGI_CISTERNA_MEMBRANE	GO:0032580
GO_PROTON_TRANSPORTING_ATP_SYNTHASE_COMPLEX	GO:0045259
GO_PLASMA_MEMBRANE_PROTEIN_COMPLEX	GO:0098797
GO_CENTRIOLAR_SATELLITE	GO:0034451
GO_CLATHRIN_ADAPTOR_COMPLEX	GO:0030131
GO_GAP_JUNCTION	GO:0005921
GO_DERLIN_1_RETROTRANSLOCATION_COMPLEX	GO:0036513
GO_PLATELET_DENSE_GRANULE	GO:0042827
GO_DENSE_CORE_GRANULE	GO:0031045
GO_SYNAPTIC_MEMBRANE	GO:0097060
GO_ANCHORED_COMPONENT_OF_MEMBRANE	GO:0031225
GO_MHC_CLASS_I_PROTEIN_COMPLEX	GO:0042612
GO_NUCLEAR_UBIQUITIN_LIGASE_COMPLEX	GO:0000152
GO_ORGANELLE_SUBCOMPARTMENT	GO:0031984
GO_CHYLOMICRON	GO:0042627
GO_ENDOPLASMIC_RETICULUM_SUBCOMPARTMENT	GO:0098827
GO_COLLAGEN_TRIMER	GO:0005581
GO_CYCLIN_DEPENDENT_PROTEIN_KINASE_HOLOENZYME_COMPLEX	GO:0000307
GO_VACUOLAR_MEMBRANE	GO:0005774
GO_PCAF_COMPLEX	GO:0000125
GO_TRANSCRIPTION_FACTOR_TFIIIB_COMPLEX	GO:0000126
GO_TRANSCRIPTION_FACTOR_TFIIIC_COMPLEX	GO:0000127
GO_GOLGI_CIS_CISTERNA	GO:0000137
GO_GOLGI_TRANS_CISTERNA	GO:0000138
GO_RIBONUCLEASE_MRP_COMPLEX	GO:0000172
GO_COMMITMENT_COMPLEX	GO:0000243
GO_MITOCHONDRIAL_PROTON_TRANSPORTING_ATP_SYNTHASE_COMPLEX_COUPLING_FACTOR_F_O	GO:0000276
GO_THO_COMPLEX	GO:0000347
GO_PHAGOPHORE_ASSEMBLY_SITE	GO:0000407
GO_EKC_KEOPS_COMPLEX	GO:0000408
GO_TRANSCRIPTION_FACTOR_TFIIH_CORE_COMPLEX	GO:0000439
GO_GLYCOSYLPHOSPHATIDYLINOSITOL_N_ACETYLGLUCOSAMINYLTRANSFERASE_GPI_GNT_COMPLEX	GO:0000506
GO_CONDENSED_NUCLEAR_CHROMOSOME_KINETOCHORE	GO:0000778
GO_CONDENSIN_COMPLEX	GO:0000796
GO_CENTRAL_ELEMENT	GO:0000801
GO_X_CHROMOSOME	GO:0000805
GO_ORIGIN_RECOGNITION_COMPLEX	GO:0000808
GO_SWR1_COMPLEX	GO:0000812
GO_ESCRT_I_COMPLEX	GO:0000813
GO_ER_UBIQUITIN_LIGASE_COMPLEX	GO:0000835
GO_EQUATORIAL_MICROTUBULE_ORGANIZING_CENTER	GO:0000923
GO_GAMMA_TUBULIN_LARGE_COMPLEX	GO:0000931
GO_P_BODY	GO:0000932
GO_GARP_COMPLEX	GO:0000938
GO_SAM_COMPLEX	GO:0001401
GO_PAM_COMPLEX_TIM23_ASSOCIATED_IMPORT_MOTOR	GO:0001405
GO_OUTER_DENSE_FIBER	GO:0001520
GO_MICROFIBRIL	GO:0001527
GO_RADIAL_SPOKE	GO:0001534
GO_FIBRILLAR_CENTER	GO:0001650
GO_GRANULAR_COMPONENT	GO:0001652
GO_SEX_CHROMATIN	GO:0001739
GO_FEMALE_PRONUCLEUS	GO:0001939
GO_MALE_PRONUCLEUS	GO:0001940
GO_INNER_ACROSOMAL_MEMBRANE	GO:0002079
GO_STEREOCILIA_COUPLING_LINK	GO:0002139
GO_MANCHETTE	GO:0002177
GO_PALMITOYLTRANSFERASE_COMPLEX	GO:0002178
GO_RIBOSE_PHOSPHATE_DIPHOSPHOKINASE_COMPLEX	GO:0002189
GO_ZONA_PELLUCIDA_RECEPTOR_COMPLEX	GO:0002199
GO_FIBRINOGEN_COMPLEX	GO:0005577
GO_MEMBRANE_ATTACK_COMPLEX	GO:0005579
GO_FIBRILLAR_COLLAGEN_TRIMER	GO:0005583
GO_COLLAGEN_TYPE_IV_TRIMER	GO:0005587
GO_FACIT_COLLAGEN_TRIMER	GO:0005593
GO_NUCLEAR_ENVELOPE_LUMEN	GO:0005641
GO_ANNULATE_LAMELLAE	GO:0005642
GO_NUCLEAR_LAMINA	GO:0005652
GO_NUCLEOLAR_RIBONUCLEASE_P_COMPLEX	GO:0005655
GO_ALPHA_DNA_POLYMERASE_PRIMASE_COMPLEX	GO:0005658
GO_DNA_REPLICATION_FACTOR_C_COMPLEX	GO:0005663
GO_RNA_POLYMERASE_II_CORE_COMPLEX	GO:0005665
GO_RNA_POLYMERASE_III_COMPLEX	GO:0005666
GO_TRANSCRIPTION_FACTOR_TFIIA_COMPLEX	GO:0005672
GO_TRANSCRIPTION_FACTOR_TFIIH_HOLO_COMPLEX	GO:0005675
GO_CHROMATIN_SILENCING_COMPLEX	GO:0005677
GO_U7_SNRNP	GO:0005683
GO_U4_SNRNP	GO:0005687
GO_U6_SNRNP	GO:0005688
GO_PERICHROMATIN_FIBRILS	GO:0005726
GO_RNA_POLYMERASE_I_COMPLEX	GO:0005736
GO_MITOCHONDRIAL_OUTER_MEMBRANE_TRANSLOCASE_COMPLEX	GO:0005742
GO_TIM23_MITOCHONDRIAL_IMPORT_INNER_MEMBRANE_TRANSLOCASE_COMPLEX	GO:0005744
GO_MITOCHONDRIAL_RESPIRATORY_CHAIN_COMPLEX_IV	GO:0005751
GO_SECONDARY_LYSOSOME	GO:0005767
GO_SIGNAL_RECOGNITION_PARTICLE_RECEPTOR_COMPLEX	GO:0005785
GO_SIGNAL_RECOGNITION_PARTICLE_ENDOPLASMIC_RETICULUM_TARGETING	GO:0005786
GO_SIGNAL_PEPTIDASE_COMPLEX	GO:0005787
GO_GOLGI_MEDIAL_CISTERNA	GO:0005797
GO_LIPID_DROPLET	GO:0005811
GO_ASTER	GO:0005818
GO_POLAR_MICROTUBULE	GO:0005827
GO_KINETOCHORE_MICROTUBULE	GO:0005828
GO_CHAPERONIN_CONTAINING_T_COMPLEX	GO:0005832
GO_PROTEASOME_CORE_COMPLEX	GO:0005839
GO_EUKARYOTIC_TRANSLATION_INITIATION_FACTOR_2_COMPLEX	GO:0005850
GO_EUKARYOTIC_TRANSLATION_INITIATION_FACTOR_2B_COMPLEX	GO:0005851
GO_TROPONIN_COMPLEX	GO:0005861
GO_DYNACTIN_COMPLEX	GO:0005869
GO_AXONEMAL_MICROTUBULE	GO:0005879
GO_NEUROFILAMENT	GO:0005883
GO_ACETYLCHOLINE_GATED_CHANNEL_COMPLEX	GO:0005892
GO_INSULIN_RECEPTOR_COMPLEX	GO:0005899
GO_CAVEOLA	GO:0005901
GO_CLATHRIN_COATED_PIT	GO:0005905
GO_ZONULA_ADHERENS	GO:0005915
GO_FASCIA_ADHERENS	GO:0005916
GO_CONNEXIN_COMPLEX	GO:0005922
GO_MITOCHONDRIAL_ALPHA_KETOGLUTARATE_DEHYDROGENASE_COMPLEX	GO:0005947
GO_CAMP_DEPENDENT_PROTEIN_KINASE_COMPLEX	GO:0005952
GO_CALCINEURIN_COMPLEX	GO:0005955
GO_PHOSPHORYLASE_KINASE_COMPLEX	GO:0005964
GO_CYCLIN_CDK_POSITIVE_TRANSCRIPTION_ELONGATION_FACTOR_COMPLEX	GO:0008024
GO_SPECTRIN	GO:0008091
GO_OLIGOSACCHARYLTRANSFERASE_COMPLEX	GO:0008250
GO_F_ACTIN_CAPPING_PROTEIN_COMPLEX	GO:0008290
GO_PROTEASOME_REGULATORY_PARTICLE_LID_SUBCOMPLEX	GO:0008541
GO_EPSILON_DNA_POLYMERASE_COMPLEX	GO:0008622
GO_JUNCTIONAL_SARCOPLASMIC_RETICULUM_MEMBRANE	GO:0014701
GO_SPECTRIN_ASSOCIATED_CYTOSKELETON	GO:0014731
GO_DYSTROGLYCAN_COMPLEX	GO:0016011
GO_PREFOLDIN_COMPLEX	GO:0016272
GO_EUKARYOTIC_TRANSLATION_INITIATION_FACTOR_4F_COMPLEX	GO:0016281
GO_CATENIN_COMPLEX	GO:0016342
GO_UNCONVENTIONAL_MYOSIN_COMPLEX	GO:0016461
GO_NURD_COMPLEX	GO:0016581
GO_NURF_COMPLEX	GO:0016589
GO_RNA_POLYMERASE_II_HOLOENZYME	GO:0016591
GO_CDC73_PAF1_COMPLEX	GO:0016593
GO_FLOTILLIN_COMPLEX	GO:0016600
GO_AMINOACYL_TRNA_SYNTHETASE_MULTIENZYME_COMPLEX	GO:0017101
GO_PROTEASOME_CORE_COMPLEX_ALPHA_SUBUNIT_COMPLEX	GO:0019773
GO_PROTEASOME_CORE_COMPLEX_BETA_SUBUNIT_COMPLEX	GO:0019774
GO_TRAPP_COMPLEX	GO:0030008
GO_CCR4_NOT_CORE_COMPLEX	GO:0030015
GO_HEMIDESMOSOME	GO:0030056
GO_MITOCHONDRIAL_CRISTA	GO:0030061
GO_MITOCHONDRIAL_TRICARBOXYLIC_ACID_CYCLE_ENZYME_COMPLEX	GO:0030062
GO_AP_1_ADAPTOR_COMPLEX	GO:0030121
GO_AP_3_ADAPTOR_COMPLEX	GO:0030123
GO_AP_4_ADAPTOR_COMPLEX	GO:0030124
GO_COPII_VESICLE_COAT	GO:0030127
GO_COPII_COATED_ER_TO_GOLGI_TRANSPORT_VESICLE	GO:0030134
GO_INTEGRAL_COMPONENT_OF_SYNAPTIC_VESICLE_MEMBRANE	GO:0030285
GO_JUNCTIONAL_MEMBRANE_COMPLEX	GO:0030314
GO_HOST_CELL_CYTOPLASM	GO:0030430
GO_SYNAPTIC_VESICLE_MEMBRANE	GO:0030672
GO_RIBONUCLEASE_P_COMPLEX	GO:0030677
GO_MULTIMERIC_RIBONUCLEASE_P_COMPLEX	GO:0030681
GO_PRERIBOSOME_SMALL_SUBUNIT_PRECURSOR	GO:0030688
GO_SMOOTH_ENDOPLASMIC_RETICULUM_MEMBRANE	GO:0030868
GO_MRE11_COMPLEX	GO:0030870
GO_VCB_COMPLEX	GO:0030891
GO_MEIOTIC_COHESIN_COMPLEX	GO:0030893
GO_CHECKPOINT_CLAMP_COMPLEX	GO:0030896
GO_INTRACILIARY_TRANSPORT_PARTICLE_A	GO:0030991
GO_ISWI_TYPE_COMPLEX	GO:0031010
GO_NUCLEAR_PORE_OUTER_RING	GO:0031080
GO_PLATELET_DENSE_GRANULE_MEMBRANE	GO:0031088
GO_PLATELET_DENSE_TUBULAR_NETWORK_MEMBRANE	GO:0031095
GO_SCAR_COMPLEX	GO:0031209
GO_ENDOPLASMIC_RETICULUM_PALMITOYLTRANSFERASE_COMPLEX	GO:0031211
GO_EXTRINSIC_COMPONENT_OF_EXTERNAL_SIDE_OF_PLASMA_MEMBRANE	GO:0031232
GO_PROTEIN_ACETYLTRANSFERASE_COMPLEX	GO:0031248
GO_DNA_REPLICATION_PREINITIATION_COMPLEX	GO:0031261
GO_DEATH_INDUCING_SIGNALING_COMPLEX	GO:0031264
GO_CD95_DEATH_INDUCING_SIGNALING_COMPLEX	GO:0031265
GO_REPLICATION_FORK_PROTECTION_COMPLEX	GO:0031298
GO_INTRINSIC_COMPONENT_OF_VACUOLAR_MEMBRANE	GO:0031310
GO_EXTRINSIC_COMPONENT_OF_ENDOSOME_MEMBRANE	GO:0031313
GO_EXTRINSIC_COMPONENT_OF_MITOCHONDRIAL_INNER_MEMBRANE	GO:0031314
GO_UBIQUITIN_CONJUGATING_ENZYME_COMPLEX	GO:0031371
GO_CTF18_RFC_LIKE_COMPLEX	GO:0031390
GO_NATA_COMPLEX	GO:0031415
GO_BOX_C_D_SNORNP_COMPLEX	GO:0031428
GO_BOX_H_ACA_SNORNP_COMPLEX	GO:0031429
GO_CUL2_RING_UBIQUITIN_LIGASE_COMPLEX	GO:0031462
GO_CUL4A_RING_E3_UBIQUITIN_LIGASE_COMPLEX	GO:0031464
GO_CUL4B_RING_E3_UBIQUITIN_LIGASE_COMPLEX	GO:0031465
GO_CUL5_RING_UBIQUITIN_LIGASE_COMPLEX	GO:0031466
GO_CUL7_RING_UBIQUITIN_LIGASE_COMPLEX	GO:0031467
GO_NUCLEOTIDE_ACTIVATED_PROTEIN_KINASE_COMPLEX	GO:0031588
GO_SPINDLE_POLE_CENTROSOME	GO:0031616
GO_NUCLEAR_PERICENTRIC_HETEROCHROMATIN	GO:0031618
GO_HAPTOGLOBIN_HEMOGLOBIN_COMPLEX	GO:0031838
GO_LATE_ENDOSOME_LUMEN	GO:0031906
GO_TORC1_COMPLEX	GO:0031931
GO_TORC2_COMPLEX	GO:0031932
GO_EARLY_PHAGOSOME	GO:0032009
GO_PHAGOLYSOSOME	GO:0032010
GO_GUANYL_NUCLEOTIDE_EXCHANGE_FACTOR_COMPLEX	GO:0032045
GO_BLEB	GO:0032059
GO_CHROMOSOME_PASSENGER_COMPLEX	GO:0032133
GO_CLEAVAGE_FURROW	GO:0032154
GO_SEPTIN_CYTOSKELETON	GO:0032156
GO_SYMMETRIC_SYNAPSE	GO:0032280
GO_MUTLALPHA_COMPLEX	GO:0032389
GO_STEREOCILIUM_TIP	GO:0032426
GO_CUTICULAR_PLATE	GO:0032437
GO_CORTICAL_ENDOPLASMIC_RETICULUM	GO:0032541
GO_GROWTH_CONE_MEMBRANE	GO:0032584
GO_MULTIVESICULAR_BODY_MEMBRANE	GO:0032585
GO_DENDRITIC_SPINE_MEMBRANE	GO:0032591
GO_INSULIN_RESPONSIVE_COMPARTMENT	GO:0032593
GO_ELL_EAF_COMPLEX	GO:0032783
GO_PLASMA_MEMBRANE_BOUNDED_CELL_PROJECTION_CYTOPLASM	GO:0032838
GO_KAINATE_SELECTIVE_GLUTAMATE_RECEPTOR_COMPLEX	GO:0032983
GO_PARANODAL_JUNCTION	GO:0033010
GO_SARCOPLASMIC_RETICULUM_LUMEN	GO:0033018
GO_DNA_RECOMBINASE_MEDIATOR_COMPLEX	GO:0033061
GO_WEIBEL_PALADE_BODY	GO:0033093
GO_CIS_GOLGI_NETWORK_MEMBRANE	GO:0033106
GO_MELANOSOME_MEMBRANE	GO:0033162
GO_PROTON_TRANSPORTING_V_TYPE_ATPASE_V0_DOMAIN	GO:0033179
GO_PROTON_TRANSPORTING_V_TYPE_ATPASE_V1_DOMAIN	GO:0033180
GO_EUKARYOTIC_48S_PREINITIATION_COMPLEX	GO:0033290
GO_HULC_COMPLEX	GO:0033503
GO_RDNA_HETEROCHROMATIN	GO:0033553
GO_ELONGATOR_HOLOENZYME_COMPLEX	GO:0033588
GO_HOST_CELL_PART	GO:0033643
GO_HOST_INTRACELLULAR_ORGANELLE	GO:0033647
GO_PHAGOPHORE_ASSEMBLY_SITE_MEMBRANE	GO:0034045
GO_VCP_NPL4_UFD1_AAA_ATPASE_COMPLEX	GO:0034098
GO_INTERMEDIATE_DENSITY_LIPOPROTEIN_PARTICLE	GO:0034363
GO_SPHERICAL_HIGH_DENSITY_LIPOPROTEIN_PARTICLE	GO:0034366
GO_TRIGLYCERIDE_RICH_PLASMA_LIPOPROTEIN_PARTICLE	GO:0034385
GO_PWP2P_CONTAINING_SUBCOMPLEX_OF_90S_PRERIBOSOME	GO:0034388
GO_EGO_COMPLEX	GO:0034448
GO_BBSOME	GO:0034464
GO_PICLN_SM_PROTEIN_COMPLEX	GO:0034715
GO_PHOSPHATIDYLINOSITOL_3_KINASE_COMPLEX_CLASS_III	GO:0035032
GO_CILIARY_ROOTLET	GO:0035253
GO_AZUROPHIL_GRANULE_MEMBRANE	GO:0035577
GO_AZUROPHIL_GRANULE_LUMEN	GO:0035578
GO_SPECIFIC_GRANULE_MEMBRANE	GO:0035579
GO_SPECIFIC_GRANULE_LUMEN	GO:0035580
GO_MON1_CCZ1_COMPLEX	GO:0035658
GO_SPERM_FIBROUS_SHEATH	GO:0035686
GO_MYELIN_SHEATH_ABAXONAL_REGION	GO:0035748
GO_MYELIN_SHEATH_ADAXONAL_REGION	GO:0035749
GO_SEH1_ASSOCIATED_COMPLEX	GO:0035859
GO_ENDOLYSOSOME_LUMEN	GO:0036021
GO_MKS_COMPLEX	GO:0036038
GO_FILTRATION_DIAPHRAGM	GO:0036056
GO_CATSPER_COMPLEX	GO:0036128
GO_OUTER_DYNEIN_ARM	GO:0036157
GO_MICROTUBULE_MINUS_END	GO:0036449
GO_G_PROTEIN_COUPLED_RECEPTOR_DIMERIC_COMPLEX	GO:0038037
GO_ALPHA_BETA_T_CELL_RECEPTOR_COMPLEX	GO:0042105
GO_PARASPECKLES	GO:0042382
GO_EXTRINSIC_COMPONENT_OF_ENDOPLASMIC_RETICULUM_MEMBRANE	GO:0042406
GO_AZUROPHIL_GRANULE	GO:0042582
GO_CHROMAFFIN_GRANULE	GO:0042583
GO_CHROMAFFIN_GRANULE_MEMBRANE	GO:0042584
GO_GLYCOGEN_GRANULE	GO:0042587
GO_ZYMOGEN_GRANULE_MEMBRANE	GO:0042589
GO_MITOCHONDRIAL_INTERMEMBRANE_SPACE_PROTEIN_TRANSPORTER_COMPLEX	GO:0042719
GO_GPI_ANCHOR_TRANSAMIDASE_COMPLEX	GO:0042765
GO_POLYSOMAL_RIBOSOME	GO:0042788
GO_MHC_CLASS_I_PEPTIDE_LOADING_COMPLEX	GO:0042824
GO_NADPH_OXIDASE_COMPLEX	GO:0043020
GO_SYNAPTIC_CLEFT	GO:0043083
GO_H4_H2A_HISTONE_ACETYLTRANSFERASE_COMPLEX	GO:0043189
GO_ATP_BINDING_CASSETTE_ABC_TRANSPORTER_COMPLEX	GO:0043190
GO_VARICOSITY	GO:0043196
GO_AXON_HILLOCK	GO:0043203
GO_LAMININ_COMPLEX	GO:0043256
GO_CYTOLYTIC_GRANULE	GO:0044194
GO_SPANNING_COMPONENT_OF_PLASMA_MEMBRANE	GO:0044214
GO_JUXTAPARANODE_REGION_OF_AXON	GO:0044224
GO_MITOCHONDRIA_ASSOCIATED_ENDOPLASMIC_RETICULUM_MEMBRANE	GO:0044233
GO_DENDRITE_TERMINUS	GO:0044292
GO_DENDRITIC_GROWTH_CONE	GO:0044294
GO_CELL_BODY_MEMBRANE	GO:0044298
GO_CEREBELLAR_MOSSY_FIBER	GO:0044300
GO_CALYX_OF_HELD	GO:0044305
GO_DENDRITIC_SPINE_HEAD	GO:0044327
GO_PINOSOME	GO:0044352
GO_NSL_COMPLEX	GO:0044545
GO_NUCLEAR_PORE_CENTRAL_TRANSPORT_CHANNEL	GO:0044613
GO_NUCLEAR_PORE_NUCLEAR_BASKET	GO:0044615
GO_MLL3_4_COMPLEX	GO:0044666
GO_AUTOLYSOSOME	GO:0044754
GO_APICAL_CORTEX	GO:0045179
GO_BASAL_CORTEX	GO:0045180
GO_DIHYDROLIPOYL_DEHYDROGENASE_COMPLEX	GO:0045240
GO_OXOGLUTARATE_DEHYDROGENASE_COMPLEX	GO:0045252
GO_PYRUVATE_DEHYDROGENASE_COMPLEX	GO:0045254
GO_PROTON_TRANSPORTING_ATP_SYNTHASE_COMPLEX_CATALYTIC_CORE_F_1	GO:0045261
GO_RESPIRATORY_CHAIN_COMPLEX_II	GO:0045273
GO_RESPIRATORY_CHAIN_COMPLEX_III	GO:0045275
GO_RESPIRATORY_CHAIN_COMPLEX_IV	GO:0045277
GO_MRNA_EDITING_COMPLEX	GO:0045293
GO_LIPOPOLYSACCHARIDE_RECEPTOR_COMPLEX	GO:0046696
GO_ACTIVIN_RECEPTOR_COMPLEX	GO:0048179
GO_HOLLIDAY_JUNCTION_RESOLVASE_COMPLEX	GO:0048476
GO_SIGNAL_RECOGNITION_PARTICLE	GO:0048500
GO_PRESYNAPTIC_ACTIVE_ZONE_MEMBRANE	GO:0048787
GO_CYTOSKELETON_OF_PRESYNAPTIC_ACTIVE_ZONE	GO:0048788
GO_CELL_TIP	GO:0051286
GO_KINOCILIUM	GO:0060091
GO_STEREOCILIUM_MEMBRANE	GO:0060171
GO_CLATHRIN_SCULPTED_GAMMA_AMINOBUTYRIC_ACID_TRANSPORT_VESICLE_MEMBRANE	GO:0061202
GO_MICOS_COMPLEX	GO:0061617
GO_MITOTIC_SPINDLE_ASTRAL_MICROTUBULE	GO:0061673
GO_GATOR2_COMPLEX	GO:0061700
GO_SPERM_HEAD	GO:0061827
GO_COLLAGEN_CONTAINING_EXTRACELLULAR_MATRIX	GO:0062023
GO_EXTRACELLULAR_MEMBRANE_BOUNDED_ORGANELLE	GO:0065010
GO_CLATHRIN_SCULPTED_MONOAMINE_TRANSPORT_VESICLE	GO:0070081
GO_TIGHT_JUNCTION	GO:0070160
GO_SHELTERIN_COMPLEX	GO:0070187
GO_NONHOMOLOGOUS_END_JOINING_COMPLEX	GO:0070419
GO_ELONGIN_COMPLEX	GO:0070449
GO_RESPIRASOME	GO:0070469
GO_BRCA1_A_COMPLEX	GO:0070531
GO_PEBOW_COMPLEX	GO:0070545
GO_BRISC_COMPLEX	GO:0070552
GO_RISC_LOADING_COMPLEX	GO:0070578
GO_HAUS_COMPLEX	GO:0070652
GO_FHF_COMPLEX	GO:0070695
GO_PRE_SNORNP_COMPLEX	GO:0070761
GO_GAMMA_SECRETASE_COMPLEX	GO:0070765
GO_H3_HISTONE_ACETYLTRANSFERASE_COMPLEX	GO:0070775
GO_TERTIARY_GRANULE	GO:0070820
GO_TERTIARY_GRANULE_MEMBRANE	GO:0070821
GO_CORE_MEDIATOR_COMPLEX	GO:0070847
GO_CELL_BODY_FIBER	GO:0070852
GO_CRD_MEDIATED_MRNA_STABILITY_COMPLEX	GO:0070937
GO_CONTRACTILE_RING	GO:0070938
GO_ENDOPLASMIC_RETICULUM_EXIT_SITE	GO:0070971
GO_U2_TYPE_CATALYTIC_STEP_2_SPLICEOSOME	GO:0071007
GO_CATALYTIC_STEP_1_SPLICEOSOME	GO:0071012
GO_POST_MRNA_RELEASE_SPLICEOSOMAL_COMPLEX	GO:0071014
GO_SMAD_PROTEIN_COMPLEX	GO:0071141
GO_HISTONE_PRE_MRNA_3_END_PROCESSING_COMPLEX	GO:0071204
GO_TRANSLOCON_COMPLEX	GO:0071256
GO_INVADOPODIUM_MEMBRANE	GO:0071438
GO_CLATHRIN_COMPLEX	GO:0071439
GO_INTEGRAL_COMPONENT_OF_CYTOPLASMIC_SIDE_OF_ENDOPLASMIC_RETICULUM_MEMBRANE	GO:0071458
GO_EUKARYOTIC_TRANSLATION_INITIATION_FACTOR_3_COMPLEX_EIF3M	GO:0071541
GO_PI_BODY	GO:0071546
GO_PIP_BODY	GO:0071547
GO_MMXD_COMPLEX	GO:0071817
GO_RAGULATOR_COMPLEX	GO:0071986
GO_PTW_PP1_PHOSPHATASE_COMPLEX	GO:0072357
GO_ER_MEMBRANE_INSERTION_COMPLEX	GO:0072379
GO_MSL_COMPLEX	GO:0072487
GO_ER_MEMBRANE_PROTEIN_COMPLEX	GO:0072546
GO_NLRP3_INFLAMMASOME_COMPLEX	GO:0072559
GO_BOX_H_ACA_RNP_COMPLEX	GO:0072588
GO_TRNA_SPLICING_LIGASE_COMPLEX	GO:0072669
GO_MEIOTIC_SPINDLE	GO:0072687
GO_U2AF	GO:0089701
GO_SPANNING_COMPONENT_OF_MEMBRANE	GO:0089717
GO_FLEMMING_BODY	GO:0090543
GO_RNA_POLYMERASE_II_TRANSCRIPTION_REPRESSOR_COMPLEX	GO:0090571
GO_RNA_POLYMERASE_III_TRANSCRIPTION_FACTOR_COMPLEX	GO:0090576
GO_BOX_H_ACA_TELOMERASE_RNP_COMPLEX	GO:0090661
GO_SITE_OF_DNA_DAMAGE	GO:0090734
GO_MPP7_DLG1_LIN7_COMPLEX	GO:0097025
GO_BCL_2_FAMILY_PROTEIN_COMPLEX	GO:0097136
GO_NUCLEAR_STRESS_GRANULE	GO:0097165
GO_TETRASPANIN_ENRICHED_MICRODOMAIN	GO:0097197
GO_ALVEOLAR_LAMELLAR_BODY	GO:0097208
GO_SPERM_ANNULUS	GO:0097227
GO_R2TP_COMPLEX	GO:0097255
GO_RIPOPTOSOME	GO:0097342
GO_CIA_COMPLEX	GO:0097361
GO_LEWY_BODY	GO:0097413
GO_NEUROFIBRILLARY_TANGLE	GO:0097418
GO_TUBULAR_ENDOSOME	GO:0097422
GO_MICROTUBULE_BUNDLE	GO:0097427
GO_MITOTIC_SPINDLE_POLE	GO:0097431
GO_DENSE_BODY	GO:0097433
GO_BASAL_DENDRITE	GO:0097441
GO_SORTING_ENDOSOME	GO:0097443
GO_DENDRITIC_TREE	GO:0097447
GO_ASTROCYTE_PROJECTION	GO:0097449
GO_ASTROCYTE_END_FOOT	GO:0097450
GO_RIBBON_SYNAPSE	GO:0097470
GO_MULTIVESICULAR_BODY_LUMEN	GO:0097486
GO_CARDIAC_MYOFIBRIL	GO:0097512
GO_SPERM_PLASMA_MEMBRANE	GO:0097524
GO_CILIARY_TRANSITION_FIBER	GO:0097539
GO_TRANSCRIPTIONAL_PREINITIATION_COMPLEX	GO:0097550
GO_G_PROTEIN_COUPLED_RECEPTOR_COMPLEX	GO:0097648
GO_PHOSPHATIDYLINOSITOL_3_KINASE_COMPLEX_CLASS_I	GO:0097651
GO_9PLUS2_MOTILE_CILIUM	GO:0097729
GO_NON_MOTILE_CILIUM	GO:0097730
GO_9PLUS0_NON_MOTILE_CILIUM	GO:0097731
GO_ATPASE_DEPENDENT_TRANSMEMBRANE_TRANSPORT_COMPLEX	GO:0098533
GO_DEUTEROSOME	GO:0098536
GO_CYTOPLASMIC_SIDE_OF_ENDOPLASMIC_RETICULUM_MEMBRANE	GO:0098554
GO_CYTOPLASMIC_SIDE_OF_ROUGH_ENDOPLASMIC_RETICULUM_MEMBRANE	GO:0098556
GO_INTRINSIC_COMPONENT_OF_SYNAPTIC_VESICLE_MEMBRANE	GO:0098563
GO_CYTOPLASMIC_SIDE_OF_LYSOSOMAL_MEMBRANE	GO:0098574
GO_BASEMENT_MEMBRANE_COLLAGEN_TRIMER	GO:0098651
GO_PHOTORECEPTOR_RIBBON_SYNAPSE	GO:0098684
GO_SCHAFFER_COLLATERAL_CA1_SYNAPSE	GO:0098685
GO_HIPPOCAMPAL_MOSSY_FIBER_TO_CA3_SYNAPSE	GO:0098686
GO_PARALLEL_FIBER_TO_PURKINJE_CELL_SYNAPSE	GO:0098688
GO_GLYCINERGIC_SYNAPSE	GO:0098690
GO_DOPAMINERGIC_SYNAPSE	GO:0098691
GO_RESPIRATORY_CHAIN_COMPLEX	GO:0098803
GO_WHOLE_MEMBRANE	GO:0098805
GO_ENDOPLASMIC_RETICULUM_TUBULAR_NETWORK_MEMBRANE	GO:0098826
GO_PRESYNAPTIC_ACTIVE_ZONE_CYTOPLASMIC_COMPONENT	GO:0098831
GO_PRESYNAPTIC_ENDOCYTIC_ZONE	GO:0098833
GO_POSTSYNAPTIC_RECYCLING_ENDOSOME	GO:0098837
GO_POSTSYNAPTIC_DENSITY_MEMBRANE	GO:0098839
GO_POSTSYNAPTIC_ENDOCYTIC_ZONE	GO:0098843
GO_POSTSYNAPTIC_ENDOSOME	GO:0098845
GO_POSTSYNAPTIC_ACTIN_CYTOSKELETON	GO:0098871
GO_NEUROTRANSMITTER_RECEPTOR_COMPLEX	GO:0098878
GO_EXTRINSIC_COMPONENT_OF_PRESYNAPTIC_MEMBRANE	GO:0098888
GO_INTRINSIC_COMPONENT_OF_PRESYNAPTIC_MEMBRANE	GO:0098889
GO_EXTRINSIC_COMPONENT_OF_POSTSYNAPTIC_MEMBRANE	GO:0098890
GO_EXTRINSIC_COMPONENT_OF_POSTSYNAPTIC_SPECIALIZATION_MEMBRANE	GO:0098892
GO_INTRINSIC_COMPONENT_OF_POSTSYNAPTIC_MEMBRANE	GO:0098936
GO_INTRINSIC_COMPONENT_OF_PRESYNAPTIC_ACTIVE_ZONE_MEMBRANE	GO:0098945
GO_INTRINSIC_COMPONENT_OF_POSTSYNAPTIC_SPECIALIZATION_MEMBRANE	GO:0098948
GO_GLUTAMATERGIC_SYNAPSE	GO:0098978
GO_CHOLINERGIC_SYNAPSE	GO:0098981
GO_GABA_ERGIC_SYNAPSE	GO:0098982
GO_NEURON_TO_NEURON_SYNAPSE	GO:0098984
GO_ASYMMETRIC_GLUTAMATERGIC_EXCITATORY_SYNAPSE	GO:0098985
GO_NEURONAL_DENSE_CORE_VESICLE	GO:0098992
GO_ANCHORED_COMPONENT_OF_SYNAPTIC_VESICLE_MEMBRANE	GO:0098993
GO_VESICLE_TETHERING_COMPLEX	GO:0099023
GO_ANCHORED_COMPONENT_OF_POSTSYNAPTIC_MEMBRANE	GO:0099025
GO_ANCHORED_COMPONENT_OF_PRESYNAPTIC_MEMBRANE	GO:0099026
GO_INTEGRAL_COMPONENT_OF_PRESYNAPTIC_ACTIVE_ZONE_MEMBRANE	GO:0099059
GO_BORC_COMPLEX	GO:0099078
GO_SUPRAMOLECULAR_COMPLEX	GO:0099080
GO_SYNAPTONEMAL_STRUCTURE	GO:0099086
GO_POSTSYNAPTIC_SPECIALIZATION_INTRACELLULAR_COMPONENT	GO:0099091
GO_POSTSYNAPTIC_DENSITY_INTRACELLULAR_COMPONENT	GO:0099092
GO_ANCHORED_COMPONENT_OF_SYNAPTIC_MEMBRANE	GO:0099144
GO_INTRINSIC_COMPONENT_OF_POSTSYNAPTIC_DENSITY_MEMBRANE	GO:0099146
GO_EXTRINSIC_COMPONENT_OF_POSTSYNAPTIC_DENSITY_MEMBRANE	GO:0099147
GO_INTRINSIC_COMPONENT_OF_SYNAPTIC_MEMBRANE	GO:0099240
GO_EXTRINSIC_COMPONENT_OF_SYNAPTIC_MEMBRANE	GO:0099243
GO_POLYMERIC_CYTOSKELETAL_FIBER	GO:0099513
GO_REGION_OF_CYTOSOL	GO:0099522
GO_PRESYNAPTIC_CYTOSOL	GO:0099523
GO_POSTSYNAPTIC_CYTOSOL	GO:0099524
GO_PRESYNAPTIC_CYTOSKELETON	GO:0099569
GO_POSTSYNAPTIC_CYTOSKELETON	GO:0099571
GO_POSTSYNAPTIC_SPECIALIZATION_MEMBRANE	GO:0099634
GO_FICOLIN_1_RICH_GRANULE	GO:0101002
GO_FICOLIN_1_RICH_GRANULE_MEMBRANE	GO:0101003
GO_CHAPERONE_COMPLEX	GO:0101031
GO_CENTRIOLAR_SUBDISTAL_APPENDAGE	GO:0120103
GO_NEURON_PROJECTION_CYTOPLASM	GO:0120111
GO_SM_LIKE_PROTEIN_FAMILY_COMPLEX	GO:0120114
GO_KICSTOR_COMPLEX	GO:0140007
GO_DISTAL_AXON	GO:0150034
GO_SERINE_THREONINE_PROTEIN_KINASE_COMPLEX	GO:1902554
GO_CALCITONIN_FAMILY_RECEPTOR_COMPLEX	GO:1903439
GO_PEPTIDASE_INHIBITOR_COMPLEX	GO:1904090
GO_TERTIARY_GRANULE_LUMEN	GO:1904724
GO_ENDONUCLEASE_COMPLEX	GO:1905348
GO_PEPTIDASE_COMPLEX	GO:1905368
GO_ENDOPEPTIDASE_COMPLEX	GO:1905369
GO_MITOTIC_SPINDLE_MIDZONE	GO:1990023
GO_PERICILIARY_MEMBRANE_COMPARTMENT	GO:1990075
GO_SPERMATOPROTEASOME_COMPLEX	GO:1990111
GO_MESSENGER_RIBONUCLEOPROTEIN_COMPLEX	GO:1990124
GO_GATOR1_COMPLEX	GO:1990130
GO_UNIPLEX_COMPLEX	GO:1990246
GO_ATG1_ULK1_KINASE_COMPLEX	GO:1990316
GO_3M_COMPLEX	GO:1990393
GO_L_TYPE_VOLTAGE_GATED_CALCIUM_CHANNEL_COMPLEX	GO:1990454
GO_HFE_TRANSFERRIN_RECEPTOR_COMPLEX	GO:1990712
GO_LSM1_7_PAT1_COMPLEX	GO:1990726
GO_MICROVESICLE	GO:1990742
GO_EARP_COMPLEX	GO:1990745
GO_BETA_CATENIN_TCF_COMPLEX	GO:1990907
GO_MITOCHONDRIAL_PROTON_TRANSPORTING_ATP_SYNTHASE_COMPLEX_CATALYTIC_CORE_F_1	GO:0000275
GO_HRD1P_UBIQUITIN_LIGASE_ERAD_L_COMPLEX	GO:0000839
GO_CONDENSED_CHROMOSOME_INNER_KINETOCHORE	GO:0000939
GO_BARR_BODY	GO:0001740
GO_CELL	GO:0005623
GO_LAMIN_FILAMENT	GO:0005638
GO_MITOCHONDRIAL_LARGE_RIBOSOMAL_SUBUNIT	GO:0005762
GO_MITOCHONDRIAL_SMALL_RIBOSOMAL_SUBUNIT	GO:0005763
GO_MRNA_CLEAVAGE_AND_POLYADENYLATION_SPECIFICITY_FACTOR_COMPLEX	GO:0005847
GO_NASCENT_POLYPEPTIDE_ASSOCIATED_COMPLEX	GO:0005854
GO_ADHERENS_JUNCTION	GO:0005912
GO_CALCIUM_AND_CALMODULIN_DEPENDENT_PROTEIN_KINASE_COMPLEX	GO:0005954
GO_ENDOSOME_MEMBRANE	GO:0010008
GO_RSC_TYPE_COMPLEX	GO:0016586
GO_HOST_CELLULAR_COMPONENT	GO:0018995
GO_SYMBIONT_CONTAINING_VACUOLE	GO:0020003
GO_MEMBRANE_COAT	GO:0030117
GO_EXTERNAL_ENCAPSULATING_STRUCTURE	GO:0030312
GO_SMALL_NUCLEAR_RIBONUCLEOPROTEIN_COMPLEX	GO:0030532
GO_NADH_DEHYDROGENASE_COMPLEX	GO:0030964
GO_INTRINSIC_COMPONENT_OF_NUCLEAR_INNER_MEMBRANE	GO:0031229
GO_G_PROTEIN_BETA_GAMMA_SUBUNIT_COMPLEX	GO:0031680
GO_MICROTUBULE_ORGANIZING_CENTER_ATTACHMENT_SITE	GO:0034992
GO_GROWTH_FACTOR_COMPLEX	GO:0036454
GO_HOST_CELL_NUCLEUS	GO:0042025
GO_IMMUNOGLOBULIN_COMPLEX_CIRCULATING	GO:0042571
GO_HOST_CELL_NUCLEAR_PART	GO:0044094
GO_OTHER_ORGANISM_PART	GO:0044217
GO_DENDRITIC_SPINE_NECK	GO:0044326
GO_INTERCELLULAR_CANALICULUS	GO:0046581
GO_ENDOCYTIC_PATCH	GO:0061645
GO_TRANSCRIPTION_EXPORT_COMPLEX_2	GO:0070390
GO_CENTRAL_REGION_OF_GROWTH_CONE	GO:0090724
GO_AIM2_INFLAMMASOME_COMPLEX	GO:0097169
GO_LUMENAL_SIDE_OF_ENDOPLASMIC_RETICULUM_MEMBRANE	GO:0098553
GO_PRESYNAPTIC_ENDOCYTIC_ZONE_MEMBRANE	GO:0098835
GO_POSTSYNAPTIC_ENDOCYTIC_ZONE_MEMBRANE	GO:0098844
GO_SUPRAMOLECULAR_POLYMER	GO:0099081
GO_SUMO_LIGASE_COMPLEX	GO:0106068
GO_ENDORIBONUCLEASE_COMPLEX	GO:1902555
GO_PHOSPHATASE_COMPLEX	GO:1903293
GO_ENDODEOXYRIBONUCLEASE_COMPLEX	GO:1905347
GO_EXORIBONUCLEASE_COMPLEX	GO:1905354
GO_PROXIMAL_DENDRITE	GO:1990635
