GO_CYCLIC_NUCLEOTIDE_PHOSPHODIESTERASE_ACTIVITY	GO:0004112
GO_PROTEIN_SERINE_THREONINE_TYROSINE_KINASE_ACTIVITY	GO:0004712
GO_HYDROLASE_ACTIVITY_ACTING_ON_CARBON_NITROGEN_BUT_NOT_PEPTIDE_BONDS_IN_CYCLIC_AMIDINES	GO:0016814
GO_5_3_EXONUCLEASE_ACTIVITY	GO:0008409
GO_BETA_CATENIN_BINDING	GO:0008013
GO_UDP_GALACTOSYLTRANSFERASE_ACTIVITY	GO:0035250
GO_MITOGEN_ACTIVATED_PROTEIN_KINASE_BINDING	GO:0051019
GO_PEPTIDASE_ACTIVITY	GO:0008233
GO_IMMUNOGLOBULIN_BINDING	GO:0019865
GO_PROTEIN_KINASE_A_REGULATORY_SUBUNIT_BINDING	GO:0034237
GO_MHC_PROTEIN_COMPLEX_BINDING	GO:0023023
GO_IONOTROPIC_GLUTAMATE_RECEPTOR_BINDING	GO:0035255
GO_UBIQUITIN_LIKE_PROTEIN_TRANSFERASE_ACTIVITY	GO:0019787
GO_TRANSMEMBRANE_RECEPTOR_PROTEIN_KINASE_ACTIVITY	GO:0019199
GO_SMAD_BINDING	GO:0046332
GO_SYNTAXIN_1_BINDING	GO:0017075
GO_LONG_CHAIN_FATTY_ACID_BINDING	GO:0036041
GO_ACETYLGALACTOSAMINYLTRANSFERASE_ACTIVITY	GO:0008376
GO_OXIDOREDUCTASE_ACTIVITY_ACTING_ON_THE_ALDEHYDE_OR_OXO_GROUP_OF_DONORS_NAD_OR_NADP_AS_ACCEPTOR	GO:0016620
GO_ACTIVE_ION_TRANSMEMBRANE_TRANSPORTER_ACTIVITY	GO:0022853
GO_CYTOKINE_BINDING	GO:0019955
GO_NEUROTRANSMITTER_BINDING	GO:0042165
GO_OLFACTORY_RECEPTOR_ACTIVITY	GO:0004984
GO_SERINE_TYPE_EXOPEPTIDASE_ACTIVITY	GO:0070008
GO_3_5_CYCLIC_AMP_PHOSPHODIESTERASE_ACTIVITY	GO:0004115
GO_VOLTAGE_GATED_ION_CHANNEL_ACTIVITY	GO:0005244
GO_PHOSPHATIDYLINOSITOL_3_5_BISPHOSPHATE_BINDING	GO:0080025
GO_PROTEIN_KINASE_C_BINDING	GO:0005080
GO_BETA_2_MICROGLOBULIN_BINDING	GO:0030881
GO_HEAT_SHOCK_PROTEIN_BINDING	GO:0031072
GO_PHOSPHOPROTEIN_BINDING	GO:0051219
GO_GTPASE_ACTIVITY	GO:0003924
GO_AMINO_ACID_BINDING	GO:0016597
GO_OXIDOREDUCTASE_ACTIVITY_ACTING_ON_THE_CH_CH_GROUP_OF_DONORS	GO:0016627
GO_OXIDOREDUCTASE_ACTIVITY_ACTING_ON_A_HEME_GROUP_OF_DONORS	GO:0016675
GO_QUINONE_BINDING	GO:0048038
GO_G_PROTEIN_ALPHA_SUBUNIT_BINDING	GO:0001965
GO_MITOGEN_ACTIVATED_PROTEIN_KINASE_KINASE_BINDING	GO:0031434
GO_PEPTIDASE_REGULATOR_ACTIVITY	GO:0061134
GO_CYTOSKELETAL_PROTEIN_BINDING	GO:0008092
GO_TRANSFERASE_ACTIVITY_TRANSFERRING_SULFUR_CONTAINING_GROUPS	GO:0016782
GO_CYCLASE_ACTIVITY	GO:0009975
GO_PROTEIN_SELF_ASSOCIATION	GO:0043621
GO_CYSTEINE_TYPE_PEPTIDASE_ACTIVITY	GO:0008234
GO_LIPID_TRANSPORTER_ACTIVITY	GO:0005319
GO_ENDODEOXYRIBONUCLEASE_ACTIVITY_PRODUCING_5_PHOSPHOMONOESTERS	GO:0016888
GO_SULFUR_COMPOUND_TRANSMEMBRANE_TRANSPORTER_ACTIVITY	GO:1901682
GO_DNA_POLYMERASE_ACTIVITY	GO:0034061
GO_HISTONE_BINDING	GO:0042393
GO_UBIQUITIN_LIKE_PROTEIN_BINDING	GO:0032182
GO_DNA_BINDING_BENDING	GO:0008301
GO_RNA_METHYLTRANSFERASE_ACTIVITY	GO:0008173
GO_CYCLIC_NUCLEOTIDE_GATED_ION_CHANNEL_ACTIVITY	GO:0043855
GO_NARROW_PORE_CHANNEL_ACTIVITY	GO:0022842
GO_STEROID_DEHYDROGENASE_ACTIVITY	GO:0016229
GO_BHLH_TRANSCRIPTION_FACTOR_BINDING	GO:0043425
GO_G_PROTEIN_COUPLED_NEUROTRANSMITTER_RECEPTOR_ACTIVITY	GO:0099528
GO_METHYLATED_HISTONE_BINDING	GO:0035064
GO_FIBROBLAST_GROWTH_FACTOR_RECEPTOR_BINDING	GO:0005104
GO_VOLTAGE_GATED_ANION_CHANNEL_ACTIVITY	GO:0008308
GO_PHOSPHATASE_INHIBITOR_ACTIVITY	GO:0019212
GO_MAGNESIUM_ION_BINDING	GO:0000287
GO_DNA_SECONDARY_STRUCTURE_BINDING	GO:0000217
GO_SULFUR_COMPOUND_BINDING	GO:1901681
GO_SIGNAL_SEQUENCE_BINDING	GO:0005048
GO_SYNTAXIN_BINDING	GO:0019905
GO_HEPARAN_SULFATE_SULFOTRANSFERASE_ACTIVITY	GO:0034483
GO_PHOSPHATIDYLINOSITOL_PHOSPHATE_PHOSPHATASE_ACTIVITY	GO:0052866
GO_CARBOHYDRATE_BINDING	GO:0030246
GO_TAU_PROTEIN_BINDING	GO:0048156
GO_ACYLGLYCEROL_O_ACYLTRANSFERASE_ACTIVITY	GO:0016411
GO_COMPLEMENT_BINDING	GO:0001848
GO_HORMONE_RECEPTOR_BINDING	GO:0051427
GO_DIVALENT_INORGANIC_CATION_TRANSMEMBRANE_TRANSPORTER_ACTIVITY	GO:0072509
GO_PROTEIN_HETERODIMERIZATION_ACTIVITY	GO:0046982
GO_PROTEIN_PHOSPHATASE_BINDING	GO:0019903
GO_MONOVALENT_INORGANIC_CATION_TRANSMEMBRANE_TRANSPORTER_ACTIVITY	GO:0015077
GO_3_5_CYCLIC_GMP_PHOSPHODIESTERASE_ACTIVITY	GO:0047555
GO_VOLTAGE_GATED_CATION_CHANNEL_ACTIVITY	GO:0022843
GO_PROTEIN_TYROSINE_KINASE_ACTIVITY	GO:0004713
GO_TRANSMITTER_GATED_CHANNEL_ACTIVITY	GO:0022835
GO_PROTEIN_DEACETYLASE_ACTIVITY	GO:0033558
GO_ENDONUCLEASE_ACTIVITY_ACTIVE_WITH_EITHER_RIBO_OR_DEOXYRIBONUCLEIC_ACIDS_AND_PRODUCING_3_PHOSPHOMONOESTERS	GO:0016894
GO_FATTY_ACYL_COA_BINDING	GO:0000062
GO_PHOSPHATIDYLINOSITOL_3_5_BISPHOSPHATE_3_PHOSPHATASE_ACTIVITY	GO:0052629
GO_CYCLIN_BINDING	GO:0030332
GO_ACID_AMINO_ACID_LIGASE_ACTIVITY	GO:0016881
GO_OXIDOREDUCTASE_ACTIVITY_ACTING_ON_NAD_P_H	GO:0016651
GO_CORE_PROMOTER_BINDING	GO:0001047
GO_NEUROPEPTIDE_RECEPTOR_BINDING	GO:0071855
GO_RETINOIC_ACID_BINDING	GO:0001972
GO_DIACYLGLYCEROL_KINASE_ACTIVITY	GO:0004143
GO_STEROID_BINDING	GO:0005496
GO_LEUCINE_ZIPPER_DOMAIN_BINDING	GO:0043522
GO_PHOSPHATIDYLINOSITOL_5_PHOSPHATE_BINDING	GO:0010314
GO_I_SMAD_BINDING	GO:0070411
GO_CIS_REGULATORY_REGION_BINDING	GO:0035326
GO_DEMETHYLASE_ACTIVITY	GO:0032451
GO_RAC_GUANYL_NUCLEOTIDE_EXCHANGE_FACTOR_ACTIVITY	GO:0030676
GO_KINASE_INHIBITOR_ACTIVITY	GO:0019210
GO_PHOTORECEPTOR_ACTIVITY	GO:0009881
GO_CYTOSKELETAL_ADAPTOR_ACTIVITY	GO:0008093
GO_RACEMASE_AND_EPIMERASE_ACTIVITY	GO:0016854
GO_PROTEIN_LIPID_COMPLEX_BINDING	GO:0071814
GO_CARBOXY_LYASE_ACTIVITY	GO:0016831
GO_MIRNA_BINDING	GO:0035198
GO_ESTROGEN_RECEPTOR_BINDING	GO:0030331
GO_UBIQUITIN_UBIQUITIN_LIGASE_ACTIVITY	GO:0034450
GO_FMN_BINDING	GO:0010181
GO_ADENYLYLTRANSFERASE_ACTIVITY	GO:0070566
GO_ATPASE_ACTIVITY_COUPLED	GO:0042623
GO_S_ACYLTRANSFERASE_ACTIVITY	GO:0016417
GO_ANKYRIN_BINDING	GO:0030506
GO_PROTEASOME_BINDING	GO:0070628
GO_DNA_N_GLYCOSYLASE_ACTIVITY	GO:0019104
GO_PHOSPHATIDYLINOSITOL_MONOPHOSPHATE_PHOSPHATASE_ACTIVITY	GO:0052744
GO_PROTEIN_DIMERIZATION_ACTIVITY	GO:0046983
GO_TRANSFERASE_ACTIVITY_TRANSFERRING_ALKYL_OR_ARYL_OTHER_THAN_METHYL_GROUPS	GO:0016765
GO_UNFOLDED_PROTEIN_BINDING	GO:0051082
GO_POLY_A_BINDING	GO:0008143
GO_ATPASE_ACTIVATOR_ACTIVITY	GO:0001671
GO_CARBOHYDRATE_PHOSPHATASE_ACTIVITY	GO:0019203
GO_NUCLEOSOME_BINDING	GO:0031491
GO_UBIQUITIN_LIKE_PROTEIN_CONJUGATING_ENZYME_ACTIVITY	GO:0061650
GO_ATP_DEPENDENT_MICROTUBULE_MOTOR_ACTIVITY	GO:1990939
GO_C2H2_ZINC_FINGER_DOMAIN_BINDING	GO:0070742
GO_CALCIUM_ACTIVATED_POTASSIUM_CHANNEL_ACTIVITY	GO:0015269
GO_ACTIN_BINDING	GO:0003779
GO_PHOSPHATIDYLINOSITOL_4_5_BISPHOSPHATE_BINDING	GO:0005546
GO_PRENYLTRANSFERASE_ACTIVITY	GO:0004659
GO_ANION_CATION_SYMPORTER_ACTIVITY	GO:0015296
GO_LYSINE_ACETYLATED_HISTONE_BINDING	GO:0070577
GO_PEPTIDE_HORMONE_RECEPTOR_BINDING	GO:0051428
GO_INORGANIC_ANION_TRANSMEMBRANE_TRANSPORTER_ACTIVITY	GO:0015103
GO_PROTEIN_KINASE_A_BINDING	GO:0051018
GO_MANNOSIDASE_ACTIVITY	GO:0015923
GO_KINASE_BINDING	GO:0019900
GO_METAL_ION_TRANSMEMBRANE_TRANSPORTER_ACTIVITY	GO:0046873
GO_COA_HYDROLASE_ACTIVITY	GO:0016289
GO_ADRENERGIC_RECEPTOR_ACTIVITY	GO:0004935
GO_GATED_CHANNEL_ACTIVITY	GO:0022836
GO_RNA_DNA_HYBRID_RIBONUCLEASE_ACTIVITY	GO:0004523
GO_HISTONE_DEACETYLASE_BINDING	GO:0042826
GO_ACTIN_FILAMENT_BINDING	GO:0051015
GO_HYDROLASE_ACTIVITY_ACTING_ON_CARBON_NITROGEN_BUT_NOT_PEPTIDE_BONDS_IN_LINEAR_AMIDINES	GO:0016813
GO_PROTEIN_KINASE_ACTIVITY	GO:0004672
GO_HEPARIN_BINDING	GO:0008201
GO_EPIDERMAL_GROWTH_FACTOR_RECEPTOR_BINDING	GO:0005154
GO_LOW_DENSITY_LIPOPROTEIN_PARTICLE_BINDING	GO:0030169
GO_TRANSMEMBRANE_RECEPTOR_PROTEIN_TYROSINE_KINASE_ACTIVITY	GO:0004714
GO_WNT_PROTEIN_BINDING	GO:0017147
GO_TRANSFERASE_ACTIVITY_TRANSFERRING_HEXOSYL_GROUPS	GO:0016758
GO_ARYL_SULFOTRANSFERASE_ACTIVITY	GO:0004062
GO_PROTEIN_SERINE_THREONINE_PHOSPHATASE_INHIBITOR_ACTIVITY	GO:0004865
GO_HYDRO_LYASE_ACTIVITY	GO:0016836
GO_TRANSLATION_INITIATION_FACTOR_ACTIVITY	GO:0003743
GO_LIPOPROTEIN_PARTICLE_RECEPTOR_BINDING	GO:0070325
GO_RHO_GTPASE_BINDING	GO:0017048
GO_PROTEIN_HOMODIMERIZATION_ACTIVITY	GO:0042803
GO_POLY_PYRIMIDINE_TRACT_BINDING	GO:0008187
GO_PROTEIN_PHOSPHORYLATED_AMINO_ACID_BINDING	GO:0045309
GO_COLLAGEN_BINDING	GO:0005518
GO_REGULATORY_REGION_NUCLEIC_ACID_BINDING	GO:0001067
GO_TRIGLYCERIDE_LIPASE_ACTIVITY	GO:0004806
GO_N_METHYLTRANSFERASE_ACTIVITY	GO:0008170
GO_L_AMINO_ACID_TRANSMEMBRANE_TRANSPORTER_ACTIVITY	GO:0015179
GO_ACETYLCHOLINE_RECEPTOR_ACTIVITY	GO:0015464
GO_CALCIUM_ACTIVATED_CATION_CHANNEL_ACTIVITY	GO:0005227
GO_KINASE_REGULATOR_ACTIVITY	GO:0019207
GO_ENDONUCLEASE_ACTIVITY_ACTIVE_WITH_EITHER_RIBO_OR_DEOXYRIBONUCLEIC_ACIDS_AND_PRODUCING_5_PHOSPHOMONOESTERS	GO:0016893
GO_CARBOXYPEPTIDASE_ACTIVITY	GO:0004180
GO_ATPASE_REGULATOR_ACTIVITY	GO:0060590
GO_PHOSPHATIDYLINOSITOL_PHOSPHATE_BINDING	GO:1901981
GO_GTPASE_INHIBITOR_ACTIVITY	GO:0005095
GO_PHOSPHATIDYLINOSITOL_PHOSPHATE_5_PHOSPHATASE_ACTIVITY	GO:0034595
GO_ION_TRANSMEMBRANE_TRANSPORTER_ACTIVITY_PHOSPHORYLATIVE_MECHANISM	GO:0015662
GO_GLUCOSIDASE_ACTIVITY	GO:0015926
GO_ORGANIC_HYDROXY_COMPOUND_TRANSMEMBRANE_TRANSPORTER_ACTIVITY	GO:1901618
GO_EXTRACELLULAR_MATRIX_STRUCTURAL_CONSTITUENT	GO:0005201
GO_SOLUTE_PROTON_ANTIPORTER_ACTIVITY	GO:0015299
GO_ENDORIBONUCLEASE_ACTIVITY_PRODUCING_5_PHOSPHOMONOESTERS	GO:0016891
GO_LYSOPHOSPHOLIPASE_ACTIVITY	GO:0004622
GO_ADRENERGIC_RECEPTOR_BINDING	GO:0031690
GO_NUCLEOSIDE_DIPHOSPHATASE_ACTIVITY	GO:0017110
GO_ACETYLTRANSFERASE_ACTIVITY	GO:0016407
GO_PASSIVE_TRANSMEMBRANE_TRANSPORTER_ACTIVITY	GO:0022803
GO_MRNA_BINDING	GO:0003729
GO_MHC_CLASS_II_RECEPTOR_ACTIVITY	GO:0032395
GO_NEUROPEPTIDE_RECEPTOR_ACTIVITY	GO:0008188
GO_EXTRACELLULAR_MATRIX_BINDING	GO:0050840
GO_SEROTONIN_RECEPTOR_ACTIVITY	GO:0099589
GO_METALLOEXOPEPTIDASE_ACTIVITY	GO:0008235
GO_TRNA_BINDING	GO:0000049
GO_CALCIUM_ION_BINDING	GO:0005509
GO_NITRIC_OXIDE_SYNTHASE_BINDING	GO:0050998
GO_PROTEIN_C_TERMINUS_BINDING	GO:0008022
GO_GLYCINE_BINDING	GO:0016594
GO_THIOLESTER_HYDROLASE_ACTIVITY	GO:0016790
GO_INSULIN_RECEPTOR_BINDING	GO:0005158
GO_R_SMAD_BINDING	GO:0070412
GO_CIS_TRANS_ISOMERASE_ACTIVITY	GO:0016859
GO_METALLOCARBOXYPEPTIDASE_ACTIVITY	GO:0004181
GO_PHOSPHATE_ION_BINDING	GO:0042301
GO_NUCLEOSIDE_DIPHOSPHATE_KINASE_ACTIVITY	GO:0004550
GO_FAD_BINDING	GO:0071949
GO_CLATHRIN_BINDING	GO:0030276
GO_CATION_CATION_ANTIPORTER_ACTIVITY	GO:0015491
GO_PROTEASE_BINDING	GO:0002020
GO_RAN_GTPASE_BINDING	GO:0008536
GO_ANTIPORTER_ACTIVITY	GO:0015297
GO_AMMONIUM_TRANSMEMBRANE_TRANSPORTER_ACTIVITY	GO:0008519
GO_PHOSPHATASE_ACTIVATOR_ACTIVITY	GO:0019211
GO_FATTY_ACID_BINDING	GO:0005504
GO_AMINOPEPTIDASE_ACTIVITY	GO:0004177
GO_NADPH_BINDING	GO:0070402
GO_SINGLE_STRANDED_RNA_BINDING	GO:0003727
GO_CATECHOLAMINE_BINDING	GO:1901338
GO_CALCIUM_DEPENDENT_PROTEIN_BINDING	GO:0048306
GO_GLUTATHIONE_PEROXIDASE_ACTIVITY	GO:0004602
GO_PSEUDOURIDINE_SYNTHASE_ACTIVITY	GO:0009982
GO_G_PROTEIN_COUPLED_RECEPTOR_ACTIVITY	GO:0004930
GO_MAP_KINASE_ACTIVITY	GO:0004707
GO_NEUROPEPTIDE_HORMONE_ACTIVITY	GO:0005184
GO_CATION_TRANSMEMBRANE_TRANSPORTER_ACTIVITY	GO:0008324
GO_CHANNEL_REGULATOR_ACTIVITY	GO:0016247
GO_INOSITOL_TETRAKISPHOSPHATE_PHOSPHATASE_ACTIVITY	GO:0052743
GO_PHOSPHOLIPASE_BINDING	GO:0043274
GO_STRUCTURAL_CONSTITUENT_OF_EYE_LENS	GO:0005212
GO_DISULFIDE_OXIDOREDUCTASE_ACTIVITY	GO:0015036
GO_GDP_BINDING	GO:0019003
GO_PHOSPHORIC_DIESTER_HYDROLASE_ACTIVITY	GO:0008081
GO_S100_PROTEIN_BINDING	GO:0044548
GO_KINASE_ACTIVITY	GO:0016301
GO_SERINE_TYPE_CARBOXYPEPTIDASE_ACTIVITY	GO:0004185
GO_HORMONE_ACTIVITY	GO:0005179
GO_STEROID_HORMONE_RECEPTOR_ACTIVITY	GO:0003707
GO_ANDROGEN_RECEPTOR_BINDING	GO:0050681
GO_AMIDE_TRANSMEMBRANE_TRANSPORTER_ACTIVITY	GO:0042887
GO_MANGANESE_ION_BINDING	GO:0030145
GO_RNA_CAP_BINDING	GO:0000339
GO_SCAVENGER_RECEPTOR_ACTIVITY	GO:0005044
GO_CYCLIN_DEPENDENT_PROTEIN_SERINE_THREONINE_KINASE_INHIBITOR_ACTIVITY	GO:0004861
GO_ICOSANOID_RECEPTOR_ACTIVITY	GO:0004953
GO_METALLOENDOPEPTIDASE_ACTIVITY	GO:0004222
GO_TRANSLATION_ELONGATION_FACTOR_ACTIVITY	GO:0003746
GO_HYDROLASE_ACTIVITY_ACTING_ON_ESTER_BONDS	GO:0016788
GO_CAMP_BINDING	GO:0030552
GO_GLYCOSAMINOGLYCAN_BINDING	GO:0005539
GO_VITAMIN_D_RECEPTOR_BINDING	GO:0042809
GO_DAMAGED_DNA_BINDING	GO:0003684
GO_PROTEIN_SERINE_THREONINE_KINASE_ACTIVATOR_ACTIVITY	GO:0043539
GO_ALCOHOL_BINDING	GO:0043178
GO_L_ASCORBIC_ACID_BINDING	GO:0031418
GO_DIPEPTIDASE_ACTIVITY	GO:0016805
GO_GLUTAMATE_RECEPTOR_ACTIVITY	GO:0008066
GO_GAMMA_TUBULIN_BINDING	GO:0043015
GO_PEPTIDASE_ACTIVATOR_ACTIVITY	GO:0016504
GO_POLY_PURINE_TRACT_BINDING	GO:0070717
GO_INTRONIC_TRANSCRIPTION_REGULATORY_REGION_DNA_BINDING	GO:0044213
GO_HYDROLASE_ACTIVITY_ACTING_ON_ACID_ANHYDRIDES	GO:0016817
GO_STEROL_BINDING	GO:0032934
GO_PHOSPHATIDYLINOSITOL_BINDING	GO:0035091
GO_TRANSFORMING_GROWTH_FACTOR_BETA_BINDING	GO:0050431
GO_SH3_DOMAIN_BINDING	GO:0017124
GO_LIGASE_ACTIVITY_FORMING_CARBON_SULFUR_BONDS	GO:0016877
GO_MANNOSE_BINDING	GO:0005537
GO_RNA_POLYMERASE_II_REPRESSING_TRANSCRIPTION_FACTOR_BINDING	GO:0001103
GO_PROTEIN_SERINE_THREONINE_PHOSPHATASE_ACTIVITY	GO:0004722
GO_AMINOACYL_TRNA_EDITING_ACTIVITY	GO:0002161
GO_FOLIC_ACID_BINDING	GO:0005542
GO_E_BOX_BINDING	GO:0070888
GO_GLUCOSE_BINDING	GO:0005536
GO_NEUROTRANSMITTER_SODIUM_SYMPORTER_ACTIVITY	GO:0005328
GO_NUCLEASE_ACTIVITY	GO:0004518
GO_DIPEPTIDYL_PEPTIDASE_ACTIVITY	GO:0008239
GO_TOXIC_SUBSTANCE_BINDING	GO:0015643
GO_ESTRADIOL_17_BETA_DEHYDROGENASE_ACTIVITY	GO:0004303
GO_GDP_DISSOCIATION_INHIBITOR_ACTIVITY	GO:0005092
GO_POLYSACCHARIDE_BINDING	GO:0030247
GO_SNAP_RECEPTOR_ACTIVITY	GO:0005484
GO_MICROTUBULE_SEVERING_ATPASE_ACTIVITY	GO:0008568
GO_NON_MEMBRANE_SPANNING_PROTEIN_TYROSINE_KINASE_ACTIVITY	GO:0004715
GO_H4_HISTONE_ACETYLTRANSFERASE_ACTIVITY	GO:0010485
GO_HISTONE_DEMETHYLASE_ACTIVITY	GO:0032452
GO_EXONUCLEASE_ACTIVITY	GO:0004527
GO_MACROLIDE_BINDING	GO:0005527
GO_INSULIN_LIKE_GROWTH_FACTOR_BINDING	GO:0005520
GO_O_METHYLTRANSFERASE_ACTIVITY	GO:0008171
GO_TROPOMYOSIN_BINDING	GO:0005523
GO_AMINO_ACID_TRANSMEMBRANE_TRANSPORTER_ACTIVITY	GO:0015171
GO_LYSOZYME_ACTIVITY	GO:0003796
GO_ANION_CHANNEL_ACTIVITY	GO:0005253
GO_STRUCTURAL_CONSTITUENT_OF_NUCLEAR_PORE	GO:0017056
GO_NUCLEOTIDASE_ACTIVITY	GO:0008252
GO_PHOSPHORIC_ESTER_HYDROLASE_ACTIVITY	GO:0042578
GO_SUGAR_TRANSMEMBRANE_TRANSPORTER_ACTIVITY	GO:0051119
GO_INTERLEUKIN_1_RECEPTOR_BINDING	GO:0005149
GO_IMMUNOGLOBULIN_RECEPTOR_BINDING	GO:0034987
GO_NEUROTRANSMITTER_RECEPTOR_ACTIVITY	GO:0030594
GO_DIACYLGLYCEROL_BINDING	GO:0019992
GO_PHOSPHOLIPASE_INHIBITOR_ACTIVITY	GO:0004859
GO_ACTININ_BINDING	GO:0042805
GO_PROTEIN_SERINE_THREONINE_KINASE_INHIBITOR_ACTIVITY	GO:0030291
GO_OXIDOREDUCTASE_ACTIVITY_ACTING_ON_A_SULFUR_GROUP_OF_DONORS_DISULFIDE_AS_ACCEPTOR	GO:0016671
GO_TRANSCRIPTION_COFACTOR_BINDING	GO:0001221
GO_HSP90_PROTEIN_BINDING	GO:0051879
GO_AMINE_BINDING	GO:0043176
GO_DIOXYGENASE_ACTIVITY	GO:0051213
GO_PHOSPHOTRANSFERASE_ACTIVITY_FOR_OTHER_SUBSTITUTED_PHOSPHATE_GROUPS	GO:0016780
GO_PALMITOYLTRANSFERASE_ACTIVITY	GO:0016409
GO_NUCLEAR_LOCALIZATION_SEQUENCE_BINDING	GO:0008139
GO_PHOSPHATASE_BINDING	GO:0019902
GO_RNA_DIRECTED_DNA_POLYMERASE_ACTIVITY	GO:0003964
GO_RAS_GUANYL_NUCLEOTIDE_EXCHANGE_FACTOR_ACTIVITY	GO:0005088
GO_PROTEIN_METHYLTRANSFERASE_ACTIVITY	GO:0008276
GO_LYSOPHOSPHOLIPID_ACYLTRANSFERASE_ACTIVITY	GO:0071617
GO_STRUCTURAL_CONSTITUENT_OF_MUSCLE	GO:0008307
GO_ENZYME_ACTIVATOR_ACTIVITY	GO:0008047
GO_SH2_DOMAIN_BINDING	GO:0042169
GO_CARBON_CARBON_LYASE_ACTIVITY	GO:0016830
GO_TRANSFERASE_ACTIVITY_TRANSFERRING_ACYL_GROUPS	GO:0016746
GO_PROTEIN_TYROSINE_SERINE_THREONINE_PHOSPHATASE_ACTIVITY	GO:0008138
GO_NUCLEOSIDE_KINASE_ACTIVITY	GO:0019206
GO_FIBROBLAST_GROWTH_FACTOR_BINDING	GO:0017134
GO_ADP_BINDING	GO:0043531
GO_BETA_1_3_GALACTOSYLTRANSFERASE_ACTIVITY	GO:0048531
GO_STEROL_TRANSPORTER_ACTIVITY	GO:0015248
GO_RNA_POLYMERASE_BINDING	GO:0070063
GO_CARBOHYDRATE_KINASE_ACTIVITY	GO:0019200
GO_THREONINE_TYPE_PEPTIDASE_ACTIVITY	GO:0070003
GO_MONOOXYGENASE_ACTIVITY	GO:0004497
GO_ADENOSINE_DEAMINASE_ACTIVITY	GO:0004000
GO_STRUCTURAL_CONSTITUENT_OF_RIBOSOME	GO:0003735
GO_14_3_3_PROTEIN_BINDING	GO:0071889
GO_COPPER_ION_BINDING	GO:0005507
GO_MISMATCHED_DNA_BINDING	GO:0030983
GO_HYDROLASE_ACTIVITY_ACTING_ON_GLYCOSYL_BONDS	GO:0016798
GO_RAB_GTPASE_BINDING	GO:0017137
GO_GUANYL_NUCLEOTIDE_EXCHANGE_FACTOR_ACTIVITY	GO:0005085
GO_TELOMERASE_RNA_BINDING	GO:0070034
GO_BETA_TUBULIN_BINDING	GO:0048487
GO_INTRAMOLECULAR_TRANSFERASE_ACTIVITY	GO:0016866
GO_SERINE_TYPE_ENDOPEPTIDASE_INHIBITOR_ACTIVITY	GO:0004867
GO_HELICASE_ACTIVITY	GO:0004386
GO_RNA_POLYMERASE_CORE_ENZYME_BINDING	GO:0043175
GO_VOLTAGE_GATED_CHLORIDE_CHANNEL_ACTIVITY	GO:0005247
GO_LIPASE_INHIBITOR_ACTIVITY	GO:0055102
GO_CHROMATIN_DNA_BINDING	GO:0031490
GO_ATPASE_BINDING	GO:0051117
GO_LAMIN_BINDING	GO:0005521
GO_PHOSPHATIDYLINOSITOL_KINASE_ACTIVITY	GO:0052742
GO_CYCLIC_NUCLEOTIDE_BINDING	GO:0030551
GO_CYSTEINE_TYPE_ENDOPEPTIDASE_ACTIVITY	GO:0004197
GO_OLIGOPEPTIDE_BINDING	GO:1900750
GO_CO_SMAD_BINDING	GO:0070410
GO_GROWTH_FACTOR_ACTIVITY	GO:0008083
GO_INTRACELLULAR_CALCIUM_ACTIVATED_CHLORIDE_CHANNEL_ACTIVITY	GO:0005229
GO_ALDO_KETO_REDUCTASE_NADP_ACTIVITY	GO:0004033
GO_MOLECULAR_FUNCTION_REGULATOR	GO:0098772
GO_CYSTEINE_TYPE_ENDOPEPTIDASE_INHIBITOR_ACTIVITY_INVOLVED_IN_APOPTOTIC_PROCESS	GO:0043027
GO_FIBRONECTIN_BINDING	GO:0001968
GO_MICROTUBULE_MOTOR_ACTIVITY	GO:0003777
GO_OXIDOREDUCTASE_ACTIVITY_OXIDIZING_METAL_IONS	GO:0016722
GO_ALPHA_TUBULIN_BINDING	GO:0043014
GO_EXCITATORY_EXTRACELLULAR_LIGAND_GATED_ION_CHANNEL_ACTIVITY	GO:0005231
GO_OXIDOREDUCTASE_ACTIVITY_OXIDIZING_METAL_IONS_NAD_OR_NADP_AS_ACCEPTOR	GO:0016723
GO_TRANSITION_METAL_ION_TRANSMEMBRANE_TRANSPORTER_ACTIVITY	GO:0046915
GO_DOUBLE_STRANDED_DNA_BINDING	GO:0003690
GO_TRANSITION_METAL_ION_BINDING	GO:0046914
GO_TELOMERIC_DNA_BINDING	GO:0042162
GO_MODIFIED_AMINO_ACID_TRANSMEMBRANE_TRANSPORTER_ACTIVITY	GO:0072349
GO_SCAFFOLD_PROTEIN_BINDING	GO:0097110
GO_LOW_DENSITY_LIPOPROTEIN_PARTICLE_RECEPTOR_BINDING	GO:0050750
GO_PHOSPHATIDYLSERINE_BINDING	GO:0001786
GO_GLYCOLIPID_BINDING	GO:0051861
GO_CALMODULIN_BINDING	GO:0005516
GO_RNA_POLYMERASE_II_CORE_PROMOTER_SEQUENCE_SPECIFIC_DNA_BINDING	GO:0000979
GO_MAP_KINASE_KINASE_KINASE_ACTIVITY	GO:0004709
GO_MHC_CLASS_II_PROTEIN_COMPLEX_BINDING	GO:0023026
GO_NUCLEOSIDE_TRIPHOSPHATASE_REGULATOR_ACTIVITY	GO:0060589
GO_LIGAND_GATED_CALCIUM_CHANNEL_ACTIVITY	GO:0099604
GO_RIBOSOMAL_SMALL_SUBUNIT_BINDING	GO:0043024
GO_OMEGA_PEPTIDASE_ACTIVITY	GO:0008242
GO_HMG_BOX_DOMAIN_BINDING	GO:0071837
GO_CHANNEL_INHIBITOR_ACTIVITY	GO:0016248
GO_SUMO_BINDING	GO:0032183
GO_PALMITOYL_COA_HYDROLASE_ACTIVITY	GO:0016290
GO_MANNOSYLTRANSFERASE_ACTIVITY	GO:0000030
GO_RECEPTOR_SERINE_THREONINE_KINASE_BINDING	GO:0033612
GO_RETINAL_BINDING	GO:0016918
GO_TRANSFERASE_ACTIVITY_TRANSFERRING_GLYCOSYL_GROUPS	GO:0016757
GO_TRANSFORMING_GROWTH_FACTOR_BETA_RECEPTOR_BINDING	GO:0005160
GO_WW_DOMAIN_BINDING	GO:0050699
GO_PEPTIDE_N_ACETYLTRANSFERASE_ACTIVITY	GO:0034212
GO_GLUCOCORTICOID_RECEPTOR_BINDING	GO:0035259
GO_ACTIVE_TRANSMEMBRANE_TRANSPORTER_ACTIVITY	GO:0022804
GO_CAMP_RESPONSE_ELEMENT_BINDING	GO:0035497
GO_PROTEIN_DISULFIDE_OXIDOREDUCTASE_ACTIVITY	GO:0015035
GO_PHOSPHATIDYLINOSITOL_BISPHOSPHATE_BINDING	GO:1902936
GO_CALCIUM_ION_TRANSMEMBRANE_TRANSPORTER_ACTIVITY	GO:0015085
GO_INTERMEDIATE_FILAMENT_BINDING	GO:0019215
GO_AMIDE_BINDING	GO:0033218
GO_LIPOPOLYSACCHARIDE_BINDING	GO:0001530
GO_POLYPEPTIDE_N_ACETYLGALACTOSAMINYLTRANSFERASE_ACTIVITY	GO:0004653
GO_MODIFIED_AMINO_ACID_BINDING	GO:0072341
GO_ION_CHANNEL_BINDING	GO:0044325
GO_FILAMIN_BINDING	GO:0031005
GO_PROTEOGLYCAN_BINDING	GO:0043394
GO_SUMO_TRANSFERASE_ACTIVITY	GO:0019789
GO_MYOSIN_HEAVY_CHAIN_BINDING	GO:0032036
GO_LRR_DOMAIN_BINDING	GO:0030275
GO_TRANSFERASE_ACTIVITY_TRANSFERRING_AMINO_ACYL_GROUPS	GO:0016755
GO_INTEGRIN_BINDING	GO:0005178
GO_CALMODULIN_DEPENDENT_PROTEIN_KINASE_ACTIVITY	GO:0004683
GO_MICROFILAMENT_MOTOR_ACTIVITY	GO:0000146
GO_FERROUS_IRON_BINDING	GO:0008198
GO_ACETYLCHOLINE_BINDING	GO:0042166
GO_NAD_BINDING	GO:0051287
GO_ANION_TRANSMEMBRANE_TRANSPORTER_ACTIVITY	GO:0008509
GO_CHAPERONE_BINDING	GO:0051087
GO_PROTEIN_TYROSINE_PHOSPHATASE_ACTIVITY	GO:0004725
GO_IDENTICAL_PROTEIN_BINDING	GO:0042802
GO_GALACTOSYLTRANSFERASE_ACTIVITY	GO:0008378
GO_PHOSPHOTRANSFERASE_ACTIVITY_PHOSPHATE_GROUP_AS_ACCEPTOR	GO:0016776
GO_ALKALI_METAL_ION_BINDING	GO:0031420
GO_RIBONUCLEOPROTEIN_COMPLEX_BINDING	GO:0043021
GO_PEPTIDE_ANTIGEN_BINDING	GO:0042605
GO_RAGE_RECEPTOR_BINDING	GO:0050786
GO_TRANSLATION_FACTOR_ACTIVITY_RNA_BINDING	GO:0008135
GO_CGMP_BINDING	GO:0030553
GO_DRUG_BINDING	GO:0008144
GO_SPECTRIN_BINDING	GO:0030507
GO_O_ACYLTRANSFERASE_ACTIVITY	GO:0008374
GO_TRANSFERASE_ACTIVITY_TRANSFERRING_NITROGENOUS_GROUPS	GO:0016769
GO_TRANSLATION_INITIATION_FACTOR_BINDING	GO:0031369
GO_BILE_ACID_TRANSMEMBRANE_TRANSPORTER_ACTIVITY	GO:0015125
GO_PEPTIDASE_ACTIVATOR_ACTIVITY_INVOLVED_IN_APOPTOTIC_PROCESS	GO:0016505
GO_METAL_CLUSTER_BINDING	GO:0051540
GO_ENZYME_INHIBITOR_ACTIVITY	GO:0004857
GO_OXYGEN_BINDING	GO:0019825
GO_ENDODEOXYRIBONUCLEASE_ACTIVITY	GO:0004520
GO_CARBON_NITROGEN_LIGASE_ACTIVITY_WITH_GLUTAMINE_AS_AMIDO_N_DONOR	GO:0016884
GO_OXIDOREDUCTASE_ACTIVITY_ACTING_ON_THE_CH_NH_GROUP_OF_DONORS_NAD_OR_NADP_AS_ACCEPTOR	GO:0016646
GO_ORGANIC_ACID_TRANSMEMBRANE_TRANSPORTER_ACTIVITY	GO:0005342
GO_LONG_CHAIN_FATTY_ACID_COA_LIGASE_ACTIVITY	GO:0004467
GO_DEATH_RECEPTOR_BINDING	GO:0005123
GO_SUPEROXIDE_GENERATING_NADPH_OXIDASE_ACTIVITY	GO:0016175
GO_RHO_GUANYL_NUCLEOTIDE_EXCHANGE_FACTOR_ACTIVITY	GO:0005089
GO_BICARBONATE_TRANSMEMBRANE_TRANSPORTER_ACTIVITY	GO:0015106
GO_HORMONE_BINDING	GO:0042562
GO_INOSITOL_PHOSPHATE_PHOSPHATASE_ACTIVITY	GO:0052745
GO_3_5_DNA_HELICASE_ACTIVITY	GO:0043138
GO_FOUR_WAY_JUNCTION_DNA_BINDING	GO:0000400
GO_ISOPRENOID_BINDING	GO:0019840
GO_PROTEIN_KINASE_A_CATALYTIC_SUBUNIT_BINDING	GO:0034236
GO_INOSITOL_TRISPHOSPHATE_KINASE_ACTIVITY	GO:0051766
GO_MHC_CLASS_I_PROTEIN_BINDING	GO:0042288
GO_ORGANIC_ACID_BINDING	GO:0043177
GO_GABA_RECEPTOR_BINDING	GO:0050811
GO_CARBOXYLIC_ESTER_HYDROLASE_ACTIVITY	GO:0052689
GO_CARBON_SULFUR_LYASE_ACTIVITY	GO:0016846
GO_CARGO_RECEPTOR_ACTIVITY	GO:0038024
GO_LIPASE_ACTIVATOR_ACTIVITY	GO:0060229
GO_SOLUTE_CATION_ANTIPORTER_ACTIVITY	GO:0015298
GO_GLUCURONOSYLTRANSFERASE_ACTIVITY	GO:0015020
GO_ANNEALING_ACTIVITY	GO:0097617
GO_MAP_KINASE_PHOSPHATASE_ACTIVITY	GO:0033549
GO_HEPARAN_SULFATE_PROTEOGLYCAN_BINDING	GO:0043395
GO_ORGANIC_ANION_TRANSMEMBRANE_TRANSPORTER_ACTIVITY	GO:0008514
GO_WIDE_PORE_CHANNEL_ACTIVITY	GO:0022829
GO_DEOXYRIBONUCLEASE_ACTIVITY	GO:0004536
GO_RRNA_BINDING	GO:0019843
GO_OXIDOREDUCTASE_ACTIVITY_ACTING_ON_SINGLE_DONORS_WITH_INCORPORATION_OF_MOLECULAR_OXYGEN	GO:0016701
GO_ORGANIC_ACID_SODIUM_SYMPORTER_ACTIVITY	GO:0005343
GO_VITAMIN_BINDING	GO:0019842
GO_RAL_GTPASE_BINDING	GO:0017160
GO_CHEMOKINE_ACTIVITY	GO:0008009
GO_UDP_GLYCOSYLTRANSFERASE_ACTIVITY	GO:0008194
GO_GLUTATHIONE_TRANSFERASE_ACTIVITY	GO:0004364
GO_OXIDOREDUCTASE_ACTIVITY_ACTING_ON_NAD_P_H_OXYGEN_AS_ACCEPTOR	GO:0050664
GO_SULFOTRANSFERASE_ACTIVITY	GO:0008146
GO_WNT_ACTIVATED_RECEPTOR_ACTIVITY	GO:0042813
GO_PHOSPHATIDYLINOSITOL_3_PHOSPHATE_BINDING	GO:0032266
GO_LYASE_ACTIVITY	GO:0016829
GO_N_ACYLTRANSFERASE_ACTIVITY	GO:0016410
GO_PROTEIN_PHOSPHATASE_1_BINDING	GO:0008157
GO_CHEMOATTRACTANT_ACTIVITY	GO:0042056
GO_CORECEPTOR_ACTIVITY	GO:0015026
GO_QUATERNARY_AMMONIUM_GROUP_BINDING	GO:0050997
GO_VOLTAGE_GATED_POTASSIUM_CHANNEL_ACTIVITY	GO:0005249
GO_CYCLIN_DEPENDENT_PROTEIN_KINASE_ACTIVITY	GO:0097472
GO_CHEMOKINE_BINDING	GO:0019956
GO_PEPTIDE_HORMONE_BINDING	GO:0017046
GO_KINESIN_BINDING	GO:0019894
GO_PHOSPHATIDYLINOSITOL_3_KINASE_ACTIVITY	GO:0035004
GO_UBIQUITIN_LIKE_PROTEIN_CONJUGATING_ENZYME_BINDING	GO:0044390
GO_STEROID_HORMONE_RECEPTOR_BINDING	GO:0035258
GO_BITTER_TASTE_RECEPTOR_ACTIVITY	GO:0033038
GO_PROTEIN_KINASE_C_ACTIVITY	GO:0004697
GO_AU_RICH_ELEMENT_BINDING	GO:0017091
GO_UBIQUITIN_LIKE_PROTEIN_LIGASE_BINDING	GO:0044389
GO_LIPOPROTEIN_PARTICLE_RECEPTOR_ACTIVITY	GO:0030228
GO_RNA_HELICASE_ACTIVITY	GO:0003724
GO_CYCLIN_DEPENDENT_PROTEIN_SERINE_THREONINE_KINASE_REGULATOR_ACTIVITY	GO:0016538
GO_CCR_CHEMOKINE_RECEPTOR_BINDING	GO:0048020
GO_GABA_RECEPTOR_ACTIVITY	GO:0016917
GO_DNA_DEPENDENT_ATPASE_ACTIVITY	GO:0008094
GO_METALLOPEPTIDASE_ACTIVITY	GO:0008237
GO_UBIQUITIN_LIKE_PROTEIN_LIGASE_ACTIVITY	GO:0061659
GO_OXIDOREDUCTASE_ACTIVITY_ACTING_ON_THE_CH_CH_GROUP_OF_DONORS_NAD_OR_NADP_AS_ACCEPTOR	GO:0016628
GO_GUANYL_NUCLEOTIDE_BINDING	GO:0019001
GO_PHOSPHATIDYLINOSITOL_3_KINASE_BINDING	GO:0043548
GO_ENDONUCLEASE_ACTIVITY	GO:0004519
GO_TASTE_RECEPTOR_ACTIVITY	GO:0008527
GO_ORGANIC_CATION_TRANSMEMBRANE_TRANSPORTER_ACTIVITY	GO:0015101
GO_WATER_TRANSMEMBRANE_TRANSPORTER_ACTIVITY	GO:0005372
GO_ACTIVIN_BINDING	GO:0048185
GO_OXIDOREDUCTASE_ACTIVITY_ACTING_ON_THE_CH_NH2_GROUP_OF_DONORS	GO:0016638
GO_HYDROLASE_ACTIVITY_HYDROLYZING_N_GLYCOSYL_COMPOUNDS	GO:0016799
GO_PROTEIN_HORMONE_RECEPTOR_ACTIVITY	GO:0016500
GO_CHEMOKINE_RECEPTOR_BINDING	GO:0042379
GO_PROLINE_RICH_REGION_BINDING	GO:0070064
GO_VOLTAGE_GATED_SODIUM_CHANNEL_ACTIVITY	GO:0005248
GO_OXIDOREDUCTASE_ACTIVITY_ACTING_ON_PAIRED_DONORS_WITH_INCORPORATION_OR_REDUCTION_OF_MOLECULAR_OXYGEN	GO:0016705
GO_INTRAMOLECULAR_TRANSFERASE_ACTIVITY_PHOSPHOTRANSFERASES	GO:0016868
GO_SINGLE_STRANDED_DNA_BINDING	GO:0003697
GO_TYPE_I_INTERFERON_RECEPTOR_BINDING	GO:0005132
GO_RIBONUCLEOTIDE_BINDING	GO:0032553
GO_TRANSCRIPTION_COACTIVATOR_BINDING	GO:0001223
GO_RETINOIC_ACID_RECEPTOR_BINDING	GO:0042974
GO_PHOSPHATIDYLINOSITOL_PHOSPHATE_KINASE_ACTIVITY	GO:0016307
GO_ACTIVATING_TRANSCRIPTION_FACTOR_BINDING	GO:0033613
GO_NEUREXIN_FAMILY_PROTEIN_BINDING	GO:0042043
GO_MICROTUBULE_BINDING	GO:0008017
GO_TUBULIN_BINDING	GO:0015631
GO_ORGANOPHOSPHATE_ESTER_TRANSMEMBRANE_TRANSPORTER_ACTIVITY	GO:0015605
GO_TRANSMEMBRANE_RECEPTOR_PROTEIN_PHOSPHATASE_ACTIVITY	GO:0019198
GO_NADP_BINDING	GO:0050661
GO_S_ADENOSYLMETHIONINE_DEPENDENT_METHYLTRANSFERASE_ACTIVITY	GO:0008757
GO_KINASE_ACTIVATOR_ACTIVITY	GO:0019209
GO_HISTONE_LYSINE_N_METHYLTRANSFERASE_ACTIVITY	GO:0018024
GO_INSULIN_LIKE_GROWTH_FACTOR_RECEPTOR_BINDING	GO:0005159
GO_MOTOR_ACTIVITY	GO:0003774
GO_TRANSCRIPTION_FACTOR_BINDING	GO:0008134
GO_TRNA_SPECIFIC_RIBONUCLEASE_ACTIVITY	GO:0004549
GO_SOLUTE_CATION_SYMPORTER_ACTIVITY	GO:0015294
GO_UBIQUITIN_SPECIFIC_PROTEASE_BINDING	GO:1990381
GO_PHOSPHOLIPID_TRANSPORTER_ACTIVITY	GO:0005548
GO_RETINOID_X_RECEPTOR_BINDING	GO:0046965
GO_MONOCARBOXYLIC_ACID_TRANSMEMBRANE_TRANSPORTER_ACTIVITY	GO:0008028
GO_POTASSIUM_ION_BINDING	GO:0030955
GO_BASAL_TRANSCRIPTION_MACHINERY_BINDING	GO:0001098
GO_INTRACELLULAR_LIGAND_GATED_ION_CHANNEL_ACTIVITY	GO:0005217
GO_LIGASE_ACTIVITY_FORMING_CARBON_NITROGEN_BONDS	GO:0016879
GO_1_PHOSPHATIDYLINOSITOL_BINDING	GO:0005545
GO_OXIDOREDUCTASE_ACTIVITY_ACTING_ON_PEROXIDE_AS_ACCEPTOR	GO:0016684
GO_GROWTH_FACTOR_RECEPTOR_BINDING	GO:0070851
GO_PHOSPHOLIPASE_A2_ACTIVITY	GO:0004623
GO_TITIN_BINDING	GO:0031432
GO_NUCLEOBASE_CONTAINING_COMPOUND_TRANSMEMBRANE_TRANSPORTER_ACTIVITY	GO:0015932
GO_GTPASE_ACTIVATING_PROTEIN_BINDING	GO:0032794
GO_OXIDOREDUCTASE_ACTIVITY_ACTING_ON_THE_CH_NH2_GROUP_OF_DONORS_OXYGEN_AS_ACCEPTOR	GO:0016641
GO_HSP70_PROTEIN_BINDING	GO:0030544
GO_SNRNA_BINDING	GO:0017069
GO_ENZYME_REGULATOR_ACTIVITY	GO:0030234
GO_ARF_GUANYL_NUCLEOTIDE_EXCHANGE_FACTOR_ACTIVITY	GO:0005086
GO_CARBONATE_DEHYDRATASE_ACTIVITY	GO:0004089
GO_RECEPTOR_SIGNALING_COMPLEX_ADAPTOR_ACTIVITY	GO:0030159
GO_MYOSIN_V_BINDING	GO:0031489
GO_EXOPEPTIDASE_ACTIVITY	GO:0008238
GO_NUCLEOTIDE_TRANSMEMBRANE_TRANSPORTER_ACTIVITY	GO:0015215
GO_FUCOSYLTRANSFERASE_ACTIVITY	GO:0008417
GO_SOLUTE_PROTON_SYMPORTER_ACTIVITY	GO:0015295
GO_PLATELET_DERIVED_GROWTH_FACTOR_BINDING	GO:0048407
GO_PHOSPHOTRANSFERASE_ACTIVITY_NITROGENOUS_GROUP_AS_ACCEPTOR	GO:0016775
GO_SNARE_BINDING	GO:0000149
GO_GTP_RHO_BINDING	GO:0017049
GO_DELAYED_RECTIFIER_POTASSIUM_CHANNEL_ACTIVITY	GO:0005251
GO_NAD_DEPENDENT_PROTEIN_DEACETYLASE_ACTIVITY	GO:0034979
GO_PHOSPHATIDIC_ACID_BINDING	GO:0070300
GO_DICARBOXYLIC_ACID_TRANSMEMBRANE_TRANSPORTER_ACTIVITY	GO:0005310
GO_TRANSLATION_REGULATOR_ACTIVITY	GO:0045182
GO_ACETYLGLUCOSAMINYLTRANSFERASE_ACTIVITY	GO:0008375
GO_INTRAMOLECULAR_OXIDOREDUCTASE_ACTIVITY_TRANSPOSING_C_C_BONDS	GO:0016863
GO_NF_KAPPAB_BINDING	GO:0051059
GO_SODIUM_INDEPENDENT_ORGANIC_ANION_TRANSMEMBRANE_TRANSPORTER_ACTIVITY	GO:0015347
GO_BIOACTIVE_LIPID_RECEPTOR_ACTIVITY	GO:0045125
GO_STORE_OPERATED_CALCIUM_CHANNEL_ACTIVITY	GO:0015279
GO_CALCIUM_DEPENDENT_PROTEIN_KINASE_ACTIVITY	GO:0010857
GO_MACROMOLECULE_TRANSMEMBRANE_TRANSPORTER_ACTIVITY	GO:0022884
GO_RAC_GTPASE_BINDING	GO:0048365
GO_SULFURIC_ESTER_HYDROLASE_ACTIVITY	GO:0008484
GO_SECONDARY_ACTIVE_TRANSMEMBRANE_TRANSPORTER_ACTIVITY	GO:0015291
GO_PEPTIDOGLYCAN_BINDING	GO:0042834
GO_HYALURONIC_ACID_BINDING	GO:0005540
GO_TRANSLATION_REPRESSOR_ACTIVITY	GO:0030371
GO_DNA_DIRECTED_DNA_POLYMERASE_ACTIVITY	GO:0003887
GO_COFACTOR_BINDING	GO:0048037
GO_RNA_POLYMERASE_II_ACTIVATING_TRANSCRIPTION_FACTOR_BINDING	GO:0001102
GO_PEROXISOME_PROLIFERATOR_ACTIVATED_RECEPTOR_BINDING	GO:0042975
GO_OXIDOREDUCTASE_ACTIVITY_ACTING_ON_CH_OH_GROUP_OF_DONORS	GO:0016614
GO_CULLIN_FAMILY_PROTEIN_BINDING	GO:0097602
GO_PROTEIN_TYROSINE_KINASE_BINDING	GO:1990782
GO_INSULIN_RECEPTOR_SUBSTRATE_BINDING	GO:0043560
GO_ZINC_ION_BINDING	GO:0008270
GO_TETRAPYRROLE_BINDING	GO:0046906
GO_3_5_EXONUCLEASE_ACTIVITY	GO:0008408
GO_MITOGEN_ACTIVATED_PROTEIN_KINASE_KINASE_KINASE_BINDING	GO:0031435
GO_PDZ_DOMAIN_BINDING	GO:0030165
GO_POTASSIUM_CHANNEL_REGULATOR_ACTIVITY	GO:0015459
GO_EXTRACELLULAR_LIGAND_GATED_ION_CHANNEL_ACTIVITY	GO:0005230
GO_G_PROTEIN_COUPLED_AMINE_RECEPTOR_ACTIVITY	GO:0008227
GO_CXCR_CHEMOKINE_RECEPTOR_BINDING	GO:0045236
GO_IRON_ION_BINDING	GO:0005506
GO_STEROID_HYDROXYLASE_ACTIVITY	GO:0008395
GO_SIGNALING_ADAPTOR_ACTIVITY	GO:0035591
GO_G_PROTEIN_BETA_GAMMA_SUBUNIT_COMPLEX_BINDING	GO:0031683
GO_DOPAMINE_BINDING	GO:0035240
GO_SH3_SH2_ADAPTOR_ACTIVITY	GO:0005070
GO_RETINOL_BINDING	GO:0019841
GO_INORGANIC_ANION_EXCHANGER_ACTIVITY	GO:0005452
GO_RETINOL_DEHYDROGENASE_ACTIVITY	GO:0004745
GO_PHOSPHOLIPASE_C_ACTIVITY	GO:0004629
GO_NUCLEOSOMAL_DNA_BINDING	GO:0031492
GO_LIPASE_ACTIVITY	GO:0016298
GO_PHOSPHATIDYLINOSITOL_3_4_BISPHOSPHATE_BINDING	GO:0043325
GO_ACTIN_DEPENDENT_ATPASE_ACTIVITY	GO:0030898
GO_PROTEIN_SERINE_THREONINE_KINASE_ACTIVITY	GO:0004674
GO_METHYL_CPG_BINDING	GO:0008327
GO_TRANSLATION_REGULATOR_ACTIVITY_NUCLEIC_ACID_BINDING	GO:0090079
GO_ACTIN_MONOMER_BINDING	GO:0003785
GO_REPRESSING_TRANSCRIPTION_FACTOR_BINDING	GO:0070491
GO_POLYOL_TRANSMEMBRANE_TRANSPORTER_ACTIVITY	GO:0015166
GO_CHROMATIN_BINDING	GO:0003682
GO_MYOSIN_BINDING	GO:0017022
GO_HYDROLASE_ACTIVITY_ACTING_ON_CARBON_NITROGEN_BUT_NOT_PEPTIDE_BONDS_IN_LINEAR_AMIDES	GO:0016811
GO_CHEMOREPELLENT_ACTIVITY	GO:0045499
GO_MAP_KINASE_KINASE_ACTIVITY	GO:0004708
GO_ANTIGEN_BINDING	GO:0003823
GO_PROTEIN_DOMAIN_SPECIFIC_BINDING	GO:0019904
GO_SODIUM_CHANNEL_REGULATOR_ACTIVITY	GO:0017080
GO_POLY_A_SPECIFIC_RIBONUCLEASE_ACTIVITY	GO:0004535
GO_OXIDOREDUCTASE_ACTIVITY_ACTING_ON_THE_ALDEHYDE_OR_OXO_GROUP_OF_DONORS	GO:0016903
GO_DOUBLE_STRANDED_RNA_BINDING	GO:0003725
GO_MHC_PROTEIN_BINDING	GO:0042287
GO_POTASSIUM_CHANNEL_ACTIVITY	GO:0005267
GO_FATTY_ACID_LIGASE_ACTIVITY	GO:0015645
GO_APOLIPOPROTEIN_BINDING	GO:0034185
GO_LIPID_BINDING	GO:0008289
GO_HISTONE_ACETYLTRANSFERASE_BINDING	GO:0035035
GO_STRUCTURAL_CONSTITUENT_OF_CYTOSKELETON	GO:0005200
GO_IGG_BINDING	GO:0019864
GO_2_IRON_2_SULFUR_CLUSTER_BINDING	GO:0051537
GO_ALPHA_ACTININ_BINDING	GO:0051393
GO_OXIDOREDUCTASE_ACTIVITY_ACTING_ON_A_SULFUR_GROUP_OF_DONORS	GO:0016667
GO_DEACETYLASE_ACTIVITY	GO:0019213
GO_TUMOR_NECROSIS_FACTOR_RECEPTOR_BINDING	GO:0005164
GO_FLAVIN_ADENINE_DINUCLEOTIDE_BINDING	GO:0050660
GO_TRANSFERASE_ACTIVITY_TRANSFERRING_ONE_CARBON_GROUPS	GO:0016741
GO_PROTEIN_N_TERMINUS_BINDING	GO:0047485
GO_ANGIOTENSIN_RECEPTOR_BINDING	GO:0031701
GO_INWARD_RECTIFIER_POTASSIUM_CHANNEL_ACTIVITY	GO:0005242
GO_GLUCOSYLTRANSFERASE_ACTIVITY	GO:0046527
GO_RIBONUCLEASE_P_ACTIVITY	GO:0004526
GO_P53_BINDING	GO:0002039
GO_PROTON_TRANSPORTING_ATP_SYNTHASE_ACTIVITY_ROTATIONAL_MECHANISM	GO:0046933
GO_PEPTIDE_RECEPTOR_ACTIVITY	GO:0001653
GO_SYMPORTER_ACTIVITY	GO:0015293
GO_FRIZZLED_BINDING	GO:0005109
GO_ENDORIBONUCLEASE_ACTIVITY	GO:0004521
GO_NEUROTROPHIN_RECEPTOR_BINDING	GO:0005165
GO_UBIQUITIN_LIKE_PROTEIN_SPECIFIC_PROTEASE_ACTIVITY	GO:0019783
GO_PHOSPHOLIPID_BINDING	GO:0005543
GO_C_ACYLTRANSFERASE_ACTIVITY	GO:0016408
GO_INTRAMOLECULAR_OXIDOREDUCTASE_ACTIVITY	GO:0016860
GO_G_PROTEIN_COUPLED_CHEMOATTRACTANT_RECEPTOR_ACTIVITY	GO:0001637
GO_SEQUENCE_SPECIFIC_DNA_BINDING	GO:0043565
GO_GTP_DEPENDENT_PROTEIN_BINDING	GO:0030742
GO_TRANSCRIPTION_COREPRESSOR_ACTIVITY	GO:0003714
GO_DEATH_RECEPTOR_ACTIVITY	GO:0005035
GO_RIBONUCLEASE_ACTIVITY	GO:0004540
GO_MISFOLDED_PROTEIN_BINDING	GO:0051787
GO_LAMININ_BINDING	GO:0043236
GO_GLUTAMATE_RECEPTOR_BINDING	GO:0035254
GO_CYTOKINE_RECEPTOR_ACTIVITY	GO:0004896
GO_ACID_PHOSPHATASE_ACTIVITY	GO:0003993
GO_ENDOPEPTIDASE_ACTIVITY	GO:0004175
GO_OXIDOREDUCTASE_ACTIVITY_ACTING_ON_PAIRED_DONORS_WITH_INCORPORATION_OR_REDUCTION_OF_MOLECULAR_OXYGEN_REDUCED_FLAVIN_OR_FLAVOPROTEIN_AS_ONE_DONOR_AND_INCORPORATION_OF_ONE_ATOM_OF_OXYGEN	GO:0016712
GO_ARYLSULFATASE_ACTIVITY	GO:0004065
GO_NOTCH_BINDING	GO:0005112
GO_DEAMINASE_ACTIVITY	GO:0019239
GO_THYROID_HORMONE_RECEPTOR_BINDING	GO:0046966
GO_METALLOAMINOPEPTIDASE_ACTIVITY	GO:0070006
GO_GAP_JUNCTION_CHANNEL_ACTIVITY	GO:0005243
GO_DOPAMINE_RECEPTOR_BINDING	GO:0050780
GO_NEUROPEPTIDE_BINDING	GO:0042923
GO_HIGH_VOLTAGE_GATED_CALCIUM_CHANNEL_ACTIVITY	GO:0008331
GO_GAMMA_CATENIN_BINDING	GO:0045295
GO_CALCIUM_DEPENDENT_CYSTEINE_TYPE_ENDOPEPTIDASE_ACTIVITY	GO:0004198
GO_TBP_CLASS_PROTEIN_BINDING	GO:0017025
GO_OXIDOREDUCTASE_ACTIVITY_ACTING_ON_NAD_P_H_QUINONE_OR_SIMILAR_COMPOUND_AS_ACCEPTOR	GO:0016655
GO_TAU_PROTEIN_KINASE_ACTIVITY	GO:0050321
GO_RIBOSOME_BINDING	GO:0043022
GO_TRANSCRIPTION_COACTIVATOR_ACTIVITY	GO:0003713
GO_RECEPTOR_REGULATOR_ACTIVITY	GO:0030545
GO_LYSINE_N_METHYLTRANSFERASE_ACTIVITY	GO:0016278
GO_SODIUM_ION_BINDING	GO:0031402
GO_OXIDOREDUCTASE_ACTIVITY	GO:0016491
GO_MONOSACCHARIDE_BINDING	GO:0048029
GO_EPHRIN_RECEPTOR_ACTIVITY	GO:0005003
GO_ATPASE_ACTIVITY	GO:0016887
GO_GTPASE_BINDING	GO:0051020
GO_PRE_MRNA_BINDING	GO:0036002
GO_TRANSMEMBRANE_RECEPTOR_PROTEIN_SERINE_THREONINE_KINASE_ACTIVITY	GO:0004675
GO_G_PROTEIN_COUPLED_RECEPTOR_BINDING	GO:0001664
GO_LIGASE_ACTIVITY_FORMING_CARBON_OXYGEN_BONDS	GO:0016875
GO_CARBON_OXYGEN_LYASE_ACTIVITY	GO:0016835
GO_ADENYL_NUCLEOTIDE_BINDING	GO:0030554
GO_SOLUTE_SODIUM_SYMPORTER_ACTIVITY	GO:0015370
GO_PHOSPHATIDATE_PHOSPHATASE_ACTIVITY	GO:0008195
GO_TRANSFERASE_ACTIVITY_TRANSFERRING_PENTOSYL_GROUPS	GO:0016763
GO_NEUROTRANSMITTER_TRANSMEMBRANE_TRANSPORTER_ACTIVITY	GO:0005326
GO_TRNA_METHYLTRANSFERASE_ACTIVITY	GO:0008175
GO_HISTONE_METHYLTRANSFERASE_ACTIVITY_H3_K4_SPECIFIC	GO:0042800
GO_CELL_ADHESION_MOLECULE_BINDING	GO:0050839
GO_RECEPTOR_INHIBITOR_ACTIVITY	GO:0030547
GO_CADHERIN_BINDING	GO:0045296
GO_SEMAPHORIN_RECEPTOR_BINDING	GO:0030215
GO_METALLOENDOPEPTIDASE_INHIBITOR_ACTIVITY	GO:0008191
GO_EPHRIN_RECEPTOR_BINDING	GO:0046875
GO_CHLORIDE_CHANNEL_REGULATOR_ACTIVITY	GO:0017081
GO_OPSONIN_BINDING	GO:0001846
GO_DNA_HELICASE_ACTIVITY	GO:0003678
GO_AMMONIUM_ION_BINDING	GO:0070405
GO_RNA_POLYMERASE_II_TRANSCRIPTION_FACTOR_BINDING	GO:0001085
GO_EXONUCLEASE_ACTIVITY_ACTIVE_WITH_EITHER_RIBO_OR_DEOXYRIBONUCLEIC_ACIDS_AND_PRODUCING_5_PHOSPHOMONOESTERS	GO:0016796
GO_ASPARTIC_TYPE_PEPTIDASE_ACTIVITY	GO:0070001
GO_RNA_POLYMERASE_ACTIVITY	GO:0097747
GO_PROTEIN_PHOSPHATASE_2A_BINDING	GO:0051721
GO_MONOCARBOXYLIC_ACID_BINDING	GO:0033293
GO_ISOMERASE_ACTIVITY	GO:0016853
GO_HYDROLASE_ACTIVITY_ACTING_ON_CARBON_NITROGEN_BUT_NOT_PEPTIDE_BONDS	GO:0016810
GO_PLATELET_DERIVED_GROWTH_FACTOR_RECEPTOR_BINDING	GO:0005161
GO_DNA_POLYMERASE_BINDING	GO:0070182
GO_NUCLEOBASE_CONTAINING_COMPOUND_KINASE_ACTIVITY	GO:0019205
GO_TRANSPORTER_ACTIVITY	GO:0005215
GO_VOLTAGE_GATED_CALCIUM_CHANNEL_ACTIVITY	GO:0005245
GO_CYTOKINE_ACTIVITY	GO:0005125
GO_EXODEOXYRIBONUCLEASE_ACTIVITY	GO:0004529
GO_4_IRON_4_SULFUR_CLUSTER_BINDING	GO:0051539
GO_OXIDOREDUCTASE_ACTIVITY_ACTING_ON_PAIRED_DONORS_WITH_INCORPORATION_OR_REDUCTION_OF_MOLECULAR_OXYGEN_NAD_P_H_AS_ONE_DONOR_AND_INCORPORATION_OF_ONE_ATOM_OF_OXYGEN	GO:0016709
GO_PHOSPHOLIPASE_ACTIVITY	GO:0004620
GO_ARACHIDONIC_ACID_MONOOXYGENASE_ACTIVITY	GO:0008391
GO_N_ACETYLTRANSFERASE_ACTIVITY	GO:0008080
GO_HYDROLASE_ACTIVITY_HYDROLYZING_O_GLYCOSYL_COMPOUNDS	GO:0004553
GO_INTRAMOLECULAR_OXIDOREDUCTASE_ACTIVITY_INTERCONVERTING_ALDOSES_AND_KETOSES	GO:0016861
GO_ACID_THIOL_LIGASE_ACTIVITY	GO:0016878
GO_STRUCTURAL_MOLECULE_ACTIVITY	GO:0005198
GO_HISTONE_DEACETYLASE_ACTIVITY_H3_K14_SPECIFIC	GO:0031078
GO_RNA_BINDING	GO:0003723
GO_ODORANT_BINDING	GO:0005549
GO_CYSTEINE_TYPE_ENDOPEPTIDASE_INHIBITOR_ACTIVITY	GO:0004869
GO_PHOSPHATIDYLINOSITOL_3_4_5_TRISPHOSPHATE_BINDING	GO:0005547
GO_CYTOKINE_RECEPTOR_BINDING	GO:0005126
GO_PHOSPHATASE_REGULATOR_ACTIVITY	GO:0019208
GO_OXIDOREDUCTASE_ACTIVITY_ACTING_ON_THE_CH_NH_GROUP_OF_DONORS	GO:0016645
GO_TUMOR_NECROSIS_FACTOR_RECEPTOR_SUPERFAMILY_BINDING	GO:0032813
GO_CORE_PROMOTER_SEQUENCE_SPECIFIC_DNA_BINDING	GO:0001046
GO_HISTONE_KINASE_ACTIVITY	GO:0035173
GO_ARMADILLO_REPEAT_DOMAIN_BINDING	GO:0070016
GO_CATION_CHANNEL_ACTIVITY	GO:0005261
GO_RAB_GUANYL_NUCLEOTIDE_EXCHANGE_FACTOR_ACTIVITY	GO:0017112
GO_GROWTH_FACTOR_BINDING	GO:0019838
GO_CALCIUM_CHANNEL_REGULATOR_ACTIVITY	GO:0005246
GO_THIOESTERASE_BINDING	GO:0031996
GO_INOSITOL_TRISPHOSPHATE_PHOSPHATASE_ACTIVITY	GO:0046030
GO_TRANSFERASE_ACTIVITY_TRANSFERRING_PHOSPHORUS_CONTAINING_GROUPS	GO:0016772
GO_HYDROLASE_ACTIVITY_ACTING_ON_ETHER_BONDS	GO:0016801
GO_ACYL_COA_DEHYDROGENASE_ACTIVITY	GO:0003995
GO_LIGASE_ACTIVITY	GO:0016874
GO_HEXOSAMINIDASE_ACTIVITY	GO:0015929
GO_MRNA_3_UTR_BINDING	GO:0003730
GO_PHOSPHATIDYLINOSITOL_4_PHOSPHATE_BINDING	GO:0070273
GO_CYSTEINE_TYPE_ENDOPEPTIDASE_ACTIVITY_INVOLVED_IN_APOPTOTIC_PROCESS	GO:0097153
GO_SODIUM_CHANNEL_ACTIVITY	GO:0005272
GO_COENZYME_BINDING	GO:0050662
GO_SNORNA_BINDING	GO:0030515
GO_SODIUM_ION_TRANSMEMBRANE_TRANSPORTER_ACTIVITY	GO:0015081
GO_NUCLEOTIDYLTRANSFERASE_ACTIVITY	GO:0016779
GO_CALCIUM_DEPENDENT_PHOSPHOLIPID_BINDING	GO:0005544
GO_CYSTEINE_TYPE_ENDOPEPTIDASE_REGULATOR_ACTIVITY_INVOLVED_IN_APOPTOTIC_PROCESS	GO:0043028
GO_HISTONE_METHYLTRANSFERASE_ACTIVITY	GO:0042054
GO_PROTEIN_TYROSINE_KINASE_ACTIVATOR_ACTIVITY	GO:0030296
GO_SINGLE_STRANDED_DNA_ENDODEOXYRIBONUCLEASE_ACTIVITY	GO:0000014
GO_PEPTIDYLTRANSFERASE_ACTIVITY	GO:0000048
GO_L_ORNITHINE_TRANSMEMBRANE_TRANSPORTER_ACTIVITY	GO:0000064
GO_SULFUR_AMINO_ACID_TRANSMEMBRANE_TRANSPORTER_ACTIVITY	GO:0000099
GO_SUCCINATE_DEHYDROGENASE_ACTIVITY	GO:0000104
GO_RDNA_BINDING	GO:0000182
GO_3_KETO_STEROL_REDUCTASE_ACTIVITY	GO:0000253
GO_PEROXISOME_TARGETING_SEQUENCE_BINDING	GO:0000268
GO_RNA_7_METHYLGUANOSINE_CAP_BINDING	GO:0000340
GO_Y_FORM_DNA_BINDING	GO:0000403
GO_BUBBLE_DNA_BINDING	GO:0000405
GO_OXIDIZED_BASE_LESION_DNA_N_GLYCOSYLASE_ACTIVITY	GO:0000702
GO_ADENYL_NUCLEOTIDE_EXCHANGE_FACTOR_ACTIVITY	GO:0000774
GO_INOSITOL_HEXAKISPHOSPHATE_KINASE_ACTIVITY	GO:0000828
GO_TRANSLATION_REPRESSOR_ACTIVITY_MRNA_REGULATORY_ELEMENT_BINDING	GO:0000900
GO_RNA_POLYMERASE_III_GENERAL_TRANSCRIPTION_INITIATION_FACTOR_ACTIVITY	GO:0000995
GO_RNA_POLYMERASE_I_REGULATORY_REGION_DNA_BINDING	GO:0001013
GO_RNA_POLYMERASE_III_REGULATORY_REGION_DNA_BINDING	GO:0001016
GO_RNA_POLYMERASE_III_TYPE_1_PROMOTER_DNA_BINDING	GO:0001030
GO_RNA_POLYMERASE_III_TYPE_3_PROMOTER_DNA_BINDING	GO:0001032
GO_RNA_POLYMERASE_I_CORE_BINDING	GO:0001042
GO_RNA_POLYMERASE_I_ACTIVITY	GO:0001054
GO_RNA_POLYMERASE_II_ACTIVITY	GO:0001055
GO_RNA_POLYMERASE_III_ACTIVITY	GO:0001056
GO_RNA_POLYMERASE_II_GENERAL_TRANSCRIPTION_INITIATION_FACTOR_BINDING	GO:0001091
GO_TFIID_CLASS_TRANSCRIPTION_FACTOR_COMPLEX_BINDING	GO:0001094
GO_TRANSCRIPTION_REGULATOR_RECRUITING_ACTIVITY	GO:0001134
GO_RNA_POLYMERASE_II_INTRONIC_TRANSCRIPTION_REGULATORY_REGION_SEQUENCE_SPECIFIC_DNA_BINDING	GO:0001162
GO_DNA_BINDING_TRANSCRIPTION_ACTIVATOR_ACTIVITY	GO:0001216
GO_TRANSCRIPTION_COREPRESSOR_BINDING	GO:0001222
GO_N_ACETYLGLUCOSAMINE_6_O_SULFOTRANSFERASE_ACTIVITY	GO:0001517
GO_N_ACETYLGALACTOSAMINE_4_O_SULFOTRANSFERASE_ACTIVITY	GO:0001537
GO_AMYLOID_BETA_BINDING	GO:0001540
GO_DOPAMINE_NEUROTRANSMITTER_RECEPTOR_ACTIVITY_COUPLED_VIA_GI_GO	GO:0001591
GO_TRACE_AMINE_RECEPTOR_ACTIVITY	GO:0001594
GO_G_PROTEIN_COUPLED_NUCLEOTIDE_RECEPTOR_ACTIVITY	GO:0001608
GO_G_PROTEIN_COUPLED_ADENOSINE_RECEPTOR_ACTIVITY	GO:0001609
GO_ALPHA_N_ACETYLGALACTOSAMINIDE_ALPHA_2_6_SIALYLTRANSFERASE_ACTIVITY	GO:0001665
GO_LIPID_KINASE_ACTIVITY	GO:0001727
GO_RETINAL_DEHYDROGENASE_ACTIVITY	GO:0001758
GO_PHOSPHOTYROSINE_RESIDUE_BINDING	GO:0001784
GO_COMPLEMENT_COMPONENT_C1Q_COMPLEX_BINDING	GO:0001849
GO_COMPLEMENT_COMPONENT_C3B_BINDING	GO:0001851
GO_LIPOPOLYSACCHARIDE_IMMUNE_RECEPTOR_ACTIVITY	GO:0001875
GO_NUCLEOBASE_BINDING	GO:0002054
GO_G_QUADRUPLEX_RNA_BINDING	GO:0002151
GO_DYSTROGLYCAN_BINDING	GO:0002162
GO_AT_DNA_BINDING	GO:0003680
GO_DNA_REPLICATION_ORIGIN_BINDING	GO:0003688
GO_DNA_CLAMP_LOADER_ACTIVITY	GO:0003689
GO_DOUBLE_STRANDED_TELOMERIC_DNA_BINDING	GO:0003691
GO_DNA_BINDING_TRANSCRIPTION_FACTOR_ACTIVITY	GO:0003700
GO_TRANSCRIPTION_COREGULATOR_ACTIVITY	GO:0003712
GO_TELOMERASE_ACTIVITY	GO:0003720
GO_DOUBLE_STRANDED_RNA_ADENOSINE_DEAMINASE_ACTIVITY	GO:0003726
GO_PROTEIN_DISULFIDE_ISOMERASE_ACTIVITY	GO:0003756
GO_PROTEIN_GLUTAMINE_GAMMA_GLUTAMYLTRANSFERASE_ACTIVITY	GO:0003810
GO_ALPHA_N_ACETYLNEURAMINATE_ALPHA_2_8_SIALYLTRANSFERASE_ACTIVITY	GO:0003828
GO_BETA_N_ACETYLGLUCOSAMINYLGLYCOPEPTIDE_BETA_1_4_GALACTOSYLTRANSFERASE_ACTIVITY	GO:0003831
GO_2_ACYLGLYCEROL_O_ACYLTRANSFERASE_ACTIVITY	GO:0003846
GO_1_ALKYL_2_ACETYLGLYCEROPHOSPHOCHOLINE_ESTERASE_ACTIVITY	GO:0003847
GO_3_BETA_HYDROXY_DELTA5_STEROID_DEHYDROGENASE_ACTIVITY	GO:0003854
GO_3_HYDROXYACYL_COA_DEHYDROGENASE_ACTIVITY	GO:0003857
GO_DNA_APURINIC_OR_APYRIMIDINIC_SITE_ENDONUCLEASE_ACTIVITY	GO:0003906
GO_DNA_TOPOISOMERASE_ACTIVITY	GO:0003916
GO_GPI_ANCHOR_TRANSAMIDASE_ACTIVITY	GO:0003923
GO_N_ACETYLLACTOSAMINE_SYNTHASE_ACTIVITY	GO:0003945
GO_NADPLUS_ADP_RIBOSYLTRANSFERASE_ACTIVITY	GO:0003950
GO_NADPLUS_KINASE_ACTIVITY	GO:0003951
GO_NADH_DEHYDROGENASE_ACTIVITY	GO:0003954
GO_NAD_P_PLUS_PROTEIN_ARGININE_ADP_RIBOSYLTRANSFERASE_ACTIVITY	GO:0003956
GO_NADPH_HEMOPROTEIN_REDUCTASE_ACTIVITY	GO:0003958
GO_ACETYL_COA_C_ACYLTRANSFERASE_ACTIVITY	GO:0003988
GO_ACYL_COA_LIGASE_ACTIVITY	GO:0003996
GO_ACYL_COA_OXIDASE_ACTIVITY	GO:0003997
GO_ADENYLATE_CYCLASE_ACTIVITY	GO:0004016
GO_ADENYLATE_KINASE_ACTIVITY	GO:0004017
GO_ALCOHOL_DEHYDROGENASE_ACTIVITY_ZINC_DEPENDENT	GO:0004024
GO_3_CHLOROALLYL_ALDEHYDE_DEHYDROGENASE_ACTIVITY	GO:0004028
GO_ALDEHYDE_DEHYDROGENASE_NAD_P_PLUS_ACTIVITY	GO:0004030
GO_ALDITOL_NADPPLUS_1_OXIDOREDUCTASE_ACTIVITY	GO:0004032
GO_AMINOACYLASE_ACTIVITY	GO:0004046
GO_ARYLESTERASE_ACTIVITY	GO:0004064
GO_CARBONYL_REDUCTASE_NADPH_ACTIVITY	GO:0004090
GO_CYTIDINE_DEAMINASE_ACTIVITY	GO:0004126
GO_CYTOCHROME_B5_REDUCTASE_ACTIVITY_ACTING_ON_NAD_P_H	GO:0004128
GO_DOLICHYL_PHOSPHATE_MANNOSE_PROTEIN_MANNOSYLTRANSFERASE_ACTIVITY	GO:0004169
GO_ATP_DEPENDENT_PEPTIDASE_ACTIVITY	GO:0004176
GO_ENOYL_COA_HYDRATASE_ACTIVITY	GO:0004300
GO_EPOXIDE_HYDROLASE_ACTIVITY	GO:0004301
GO_EXOPOLYPHOSPHATASE_ACTIVITY	GO:0004309
GO_FATTY_ACID_SYNTHASE_ACTIVITY	GO:0004312
GO_FRUCTOSE_2_6_BISPHOSPHATE_2_PHOSPHATASE_ACTIVITY	GO:0004331
GO_GUANYLATE_CYCLASE_ACTIVITY	GO:0004383
GO_GUANYLATE_KINASE_ACTIVITY	GO:0004385
GO_HEXOKINASE_ACTIVITY	GO:0004396
GO_HYALURONONGLUCOSAMINIDASE_ACTIVITY	GO:0004415
GO_1_PHOSPHATIDYLINOSITOL_4_KINASE_ACTIVITY	GO:0004430
GO_PHOSPHATIDYLINOSITOL_4_5_BISPHOSPHATE_5_PHOSPHATASE_ACTIVITY	GO:0004439
GO_INOSITOL_POLYPHOSPHATE_5_PHOSPHATASE_ACTIVITY	GO:0004445
GO_ISOCITRATE_DEHYDROGENASE_ACTIVITY	GO:0004448
GO_LACTATE_DEHYDROGENASE_ACTIVITY	GO:0004457
GO_LYSINE_N_ACETYLTRANSFERASE_ACTIVITY_ACTING_ON_ACETYL_PHOSPHATE_AS_DONOR	GO:0004468
GO_N_N_DIMETHYLANILINE_MONOOXYGENASE_ACTIVITY	GO:0004499
GO_PHOSPHODIESTERASE_I_ACTIVITY	GO:0004528
GO_DEOXYRIBONUCLEASE_I_ACTIVITY	GO:0004530
GO_EXORIBONUCLEASE_ACTIVITY	GO:0004532
GO_NUCLEOTIDE_DIPHOSPHATASE_ACTIVITY	GO:0004551
GO_BETA_N_ACETYLHEXOSAMINIDASE_ACTIVITY	GO:0004563
GO_BETA_GALACTOSIDASE_ACTIVITY	GO:0004565
GO_MANNOSYL_OLIGOSACCHARIDE_1_2_ALPHA_MANNOSIDASE_ACTIVITY	GO:0004571
GO_OLIGOSACCHARYL_TRANSFERASE_ACTIVITY	GO:0004576
GO_PEPTIDE_ALPHA_N_ACETYLTRANSFERASE_ACTIVITY	GO:0004596
GO_PHOSPHOLIPASE_D_ACTIVITY	GO:0004630
GO_1_4_ALPHA_OLIGOGLUCAN_PHOSPHORYLASE_ACTIVITY	GO:0004645
GO_POLYNUCLEOTIDE_ADENYLYLTRANSFERASE_ACTIVITY	GO:0004652
GO_PROCOLLAGEN_PROLINE_4_DIOXYGENASE_ACTIVITY	GO:0004656
GO_PROTEIN_GERANYLGERANYLTRANSFERASE_ACTIVITY	GO:0004661
GO_PROTEIN_ARGININE_DEIMINASE_ACTIVITY	GO:0004668
GO_AMP_ACTIVATED_PROTEIN_KINASE_ACTIVITY	GO:0004679
GO_PHOSPHORYLASE_KINASE_ACTIVITY	GO:0004689
GO_CYCLIC_NUCLEOTIDE_DEPENDENT_PROTEIN_KINASE_ACTIVITY	GO:0004690
GO_CAMP_DEPENDENT_PROTEIN_KINASE_ACTIVITY	GO:0004691
GO_G_PROTEIN_COUPLED_RECEPTOR_KINASE_ACTIVITY	GO:0004703
GO_NF_KAPPAB_INDUCING_KINASE_ACTIVITY	GO:0004704
GO_JUN_KINASE_KINASE_KINASE_ACTIVITY	GO:0004706
GO_RIBOSOMAL_PROTEIN_S6_KINASE_ACTIVITY	GO:0004711
GO_PROTEIN_LYSINE_6_OXIDASE_ACTIVITY	GO:0004720
GO_PHOSPHOPROTEIN_PHOSPHATASE_ACTIVITY	GO:0004721
GO_CALCIUM_DEPENDENT_PROTEIN_SERINE_THREONINE_PHOSPHATASE_ACTIVITY	GO:0004723
GO_MAGNESIUM_DEPENDENT_PROTEIN_SERINE_THREONINE_PHOSPHATASE_ACTIVITY	GO:0004724
GO_NON_MEMBRANE_SPANNING_PROTEIN_TYROSINE_PHOSPHATASE_ACTIVITY	GO:0004726
GO_PYRUVATE_DEHYDROGENASE_ACTIVITY	GO:0004738
GO_RIBOSE_PHOSPHATE_DIPHOSPHOKINASE_ACTIVITY	GO:0004749
GO_SPHINGOMYELIN_PHOSPHODIESTERASE_ACTIVITY	GO:0004767
GO_STEROL_ESTERASE_ACTIVITY	GO:0004771
GO_THIOREDOXIN_DISULFIDE_REDUCTASE_ACTIVITY	GO:0004791
GO_CAMP_DEPENDENT_PROTEIN_KINASE_INHIBITOR_ACTIVITY	GO:0004862
GO_COMPLEMENT_RECEPTOR_ACTIVITY	GO:0004875
GO_INTERFERON_RECEPTOR_ACTIVITY	GO:0004904
GO_INTERLEUKIN_1_RECEPTOR_ACTIVITY	GO:0004908
GO_ALPHA_ADRENERGIC_RECEPTOR_ACTIVITY	GO:0004936
GO_DOPAMINE_NEUROTRANSMITTER_RECEPTOR_ACTIVITY	GO:0004952
GO_PROSTANOID_RECEPTOR_ACTIVITY	GO:0004954
GO_PROSTAGLANDIN_E_RECEPTOR_ACTIVITY	GO:0004957
GO_GALANIN_RECEPTOR_ACTIVITY	GO:0004966
GO_HISTAMINE_RECEPTOR_ACTIVITY	GO:0004969
GO_IONOTROPIC_GLUTAMATE_RECEPTOR_ACTIVITY	GO:0004970
GO_NMDA_GLUTAMATE_RECEPTOR_ACTIVITY	GO:0004972
GO_MELANOCORTIN_RECEPTOR_ACTIVITY	GO:0004977
GO_N_FORMYL_PEPTIDE_RECEPTOR_ACTIVITY	GO:0004982
GO_NEUROPEPTIDE_Y_RECEPTOR_ACTIVITY	GO:0004983
GO_OPIOID_RECEPTOR_ACTIVITY	GO:0004985
GO_SOMATOSTATIN_RECEPTOR_ACTIVITY	GO:0004994
GO_VASOPRESSIN_RECEPTOR_ACTIVITY	GO:0005000
GO_GPI_LINKED_EPHRIN_RECEPTOR_ACTIVITY	GO:0005004
GO_FIBROBLAST_GROWTH_FACTOR_ACTIVATED_RECEPTOR_ACTIVITY	GO:0005007
GO_VASCULAR_ENDOTHELIAL_GROWTH_FACTOR_ACTIVATED_RECEPTOR_ACTIVITY	GO:0005021
GO_TRANSFORMING_GROWTH_FACTOR_BETA_RECEPTOR_ACTIVITY_TYPE_I	GO:0005025
GO_TUMOR_NECROSIS_FACTOR_ACTIVATED_RECEPTOR_ACTIVITY	GO:0005031
GO_LOW_DENSITY_LIPOPROTEIN_PARTICLE_RECEPTOR_ACTIVITY	GO:0005041
GO_NETRIN_RECEPTOR_ACTIVITY	GO:0005042
GO_NUCLEAR_EXPORT_SIGNAL_RECEPTOR_ACTIVITY	GO:0005049
GO_TRANSMEMBRANE_RECEPTOR_PROTEIN_TYROSINE_KINASE_ADAPTOR_ACTIVITY	GO:0005068
GO_TRANSFORMING_GROWTH_FACTOR_BETA_RECEPTOR_CYTOPLASMIC_MEDIATOR_ACTIVITY	GO:0005072
GO_MAP_KINASE_SCAFFOLD_ACTIVITY	GO:0005078
GO_SIGNALING_RECEPTOR_BINDING	GO:0005102
GO_PATCHED_BINDING	GO:0005113
GO_TYPE_II_TRANSFORMING_GROWTH_FACTOR_BETA_RECEPTOR_BINDING	GO:0005114
GO_CILIARY_NEUROTROPHIC_FACTOR_RECEPTOR_BINDING	GO:0005127
GO_GROWTH_HORMONE_RECEPTOR_BINDING	GO:0005131
GO_INTERLEUKIN_2_RECEPTOR_BINDING	GO:0005134
GO_INTERLEUKIN_6_RECEPTOR_BINDING	GO:0005138
GO_INTERLEUKIN_12_RECEPTOR_BINDING	GO:0005143
GO_NEUROTROPHIN_TRK_RECEPTOR_BINDING	GO:0005167
GO_VASCULAR_ENDOTHELIAL_GROWTH_FACTOR_RECEPTOR_BINDING	GO:0005172
GO_INTRACELLULAR_CAMP_ACTIVATED_CATION_CHANNEL_ACTIVITY	GO:0005222
GO_INTRACELLULAR_CGMP_ACTIVATED_CATION_CHANNEL_ACTIVITY	GO:0005223
GO_VOLUME_SENSITIVE_ANION_CHANNEL_ACTIVITY	GO:0005225
GO_INHIBITORY_EXTRACELLULAR_LIGAND_GATED_ION_CHANNEL_ACTIVITY	GO:0005237
GO_AMINO_ACID_SODIUM_SYMPORTER_ACTIVITY	GO:0005283
GO_L_GLUTAMATE_TRANSMEMBRANE_TRANSPORTER_ACTIVITY	GO:0005313
GO_INORGANIC_PHOSPHATE_TRANSMEMBRANE_TRANSPORTER_ACTIVITY	GO:0005315
GO_LONG_CHAIN_FATTY_ACID_TRANSPORTER_ACTIVITY	GO:0005324
GO_NUCLEOSIDE_TRANSMEMBRANE_TRANSPORTER_ACTIVITY	GO:0005337
GO_NUCLEOTIDE_SUGAR_TRANSMEMBRANE_TRANSPORTER_ACTIVITY	GO:0005338
GO_OXYGEN_CARRIER_ACTIVITY	GO:0005344
GO_PURINE_NUCLEOBASE_TRANSMEMBRANE_TRANSPORTER_ACTIVITY	GO:0005345
GO_ATP_TRANSMEMBRANE_TRANSPORTER_ACTIVITY	GO:0005347
GO_CARBOHYDRATE_PROTON_SYMPORTER_ACTIVITY	GO:0005351
GO_COPPER_ION_TRANSMEMBRANE_TRANSPORTER_ACTIVITY	GO:0005375
GO_IRON_ION_TRANSMEMBRANE_TRANSPORTER_ACTIVITY	GO:0005381
GO_MANGANESE_ION_TRANSMEMBRANE_TRANSPORTER_ACTIVITY	GO:0005384
GO_ZINC_ION_TRANSMEMBRANE_TRANSPORTER_ACTIVITY	GO:0005385
GO_CALCIUM_TRANSMEMBRANE_TRANSPORTER_ACTIVITY_PHOSPHORYLATIVE_MECHANISM	GO:0005388
GO_CARBOHYDRATE_CATION_SYMPORTER_ACTIVITY	GO:0005402
GO_GLUCOSE_SODIUM_SYMPORTER_ACTIVITY	GO:0005412
GO_AMINO_ACID_CATION_SYMPORTER_ACTIVITY	GO:0005416
GO_SODIUM_PHOSPHATE_SYMPORTER_ACTIVITY	GO:0005436
GO_VITAMIN_D_BINDING	GO:0005499
GO_11_CIS_RETINAL_BINDING	GO:0005502
GO_PROFILIN_BINDING	GO:0005522
GO_GALACTOSE_BINDING	GO:0005534
GO_HIGH_DENSITY_LIPOPROTEIN_PARTICLE_BINDING	GO:0008035
GO_AXON_GUIDANCE_RECEPTOR_ACTIVITY	GO:0008046
GO_CALCIUM_SENSITIVE_GUANYLATE_CYCLASE_ACTIVATOR_ACTIVITY	GO:0008048
GO_CHITIN_BINDING	GO:0008061
GO_TRANSLATION_TERMINATION_FACTOR_ACTIVITY	GO:0008079
GO_5S_RRNA_BINDING	GO:0008097
GO_ALCOHOL_DEHYDROGENASE_NADPPLUS_ACTIVITY	GO:0008106
GO_PRIMARY_AMINE_OXIDASE_ACTIVITY	GO:0008131
GO_CAMP_RESPONSE_ELEMENT_BINDING_PROTEIN_BINDING	GO:0008140
GO_OXYSTEROL_BINDING	GO:0008142
GO_S_METHYLTRANSFERASE_ACTIVITY	GO:0008172
GO_MRNA_METHYLTRANSFERASE_ACTIVITY	GO:0008174
GO_ADENYLATE_CYCLASE_BINDING	GO:0008179
GO_EUKARYOTIC_INITIATION_FACTOR_4E_BINDING	GO:0008190
GO_FERRIC_IRON_BINDING	GO:0008199
GO_TRNA_SPECIFIC_ADENOSINE_DEAMINASE_ACTIVITY	GO:0008251
GO_CALCIUM_POTASSIUM_SODIUM_ANTIPORTER_ACTIVITY	GO:0008273
GO_3_5_EXODEOXYRIBONUCLEASE_ACTIVITY	GO:0008296
GO_SINGLE_STRANDED_DNA_EXODEOXYRIBONUCLEASE_ACTIVITY	GO:0008297
GO_SINGLE_STRANDED_DNA_3_5_EXODEOXYRIBONUCLEASE_ACTIVITY	GO:0008310
GO_7S_RNA_BINDING	GO:0008312
GO_PROTEIN_PRENYLTRANSFERASE_ACTIVITY	GO:0008318
GO_RNA_POLYMERASE_II_CTD_HEPTAPEPTIDE_REPEAT_KINASE_ACTIVITY	GO:0008353
GO_SIALYLTRANSFERASE_ACTIVITY	GO:0008373
GO_THIOREDOXIN_PEROXIDASE_ACTIVITY	GO:0008379
GO_MECHANOSENSITIVE_ION_CHANNEL_ACTIVITY	GO:0008381
GO_RNA_POLYMERASE_II_CTD_HEPTAPEPTIDE_REPEAT_PHOSPHATASE_ACTIVITY	GO:0008420
GO_BETA_GLUCOSIDASE_ACTIVITY	GO:0008422
GO_PHOSPHATIDYLETHANOLAMINE_BINDING	GO:0008429
GO_SELENIUM_BINDING	GO:0008430
GO_JUN_KINASE_BINDING	GO:0008432
GO_PHOSPHOFRUCTOKINASE_ACTIVITY	GO:0008443
GO_HEPARAN_SULFATE_GLUCOSAMINE_3_SULFOTRANSFERASE_1_ACTIVITY	GO:0008467
GO_HISTONE_ARGININE_N_METHYLTRANSFERASE_ACTIVITY	GO:0008469
GO_PALMITOYL_PROTEIN_HYDROLASE_ACTIVITY	GO:0008474
GO_DIPHOSPHOINOSITOL_POLYPHOSPHATE_DIPHOSPHATASE_ACTIVITY	GO:0008486
GO_TRANSLATION_ACTIVATOR_ACTIVITY	GO:0008494
GO_UDP_GALACTOSE_BETA_N_ACETYLGLUCOSAMINE_BETA_1_3_GALACTOSYLTRANSFERASE_ACTIVITY	GO:0008499
GO_BENZODIAZEPINE_RECEPTOR_ACTIVITY	GO:0008503
GO_MONOAMINE_TRANSMEMBRANE_TRANSPORTER_ACTIVITY	GO:0008504
GO_SODIUM_BICARBONATE_SYMPORTER_ACTIVITY	GO:0008510
GO_PHOSPHATIDYLCHOLINE_TRANSPORTER_ACTIVITY	GO:0008525
GO_PHOSPHATIDYLINOSITOL_TRANSFER_ACTIVITY	GO:0008526
GO_N_ACETYLLACTOSAMINIDE_BETA_1_3_N_ACETYLGLUCOSAMINYLTRANSFERASE_ACTIVITY	GO:0008532
GO_PROTON_EXPORTING_ATPASE_ACTIVITY_PHOSPHORYLATIVE_MECHANISM	GO:0008553
GO_ATP_DEPENDENT_MICROTUBULE_MOTOR_ACTIVITY_MINUS_END_DIRECTED	GO:0008569
GO_ATP_DEPENDENT_MICROTUBULE_MOTOR_ACTIVITY_PLUS_END_DIRECTED	GO:0008574
GO_CAMP_DEPENDENT_PROTEIN_KINASE_REGULATOR_ACTIVITY	GO:0008603
GO_UBIQUITIN_LIKE_MODIFIER_ACTIVATING_ENZYME_ACTIVITY	GO:0008641
GO_CYSTEINE_TYPE_ENDOPEPTIDASE_ACTIVATOR_ACTIVITY_INVOLVED_IN_APOPTOTIC_PROCESS	GO:0008656
GO_CROSSOVER_JUNCTION_ENDODEOXYRIBONUCLEASE_ACTIVITY	GO:0008821
GO_PHOSPHOLIPASE_A1_ACTIVITY	GO:0008970
GO_DNA_METHYLTRANSFERASE_ACTIVITY	GO:0009008
GO_ELECTRON_TRANSFER_ACTIVITY	GO:0009055
GO_BIOTIN_BINDING	GO:0009374
GO_FOUR_WAY_JUNCTION_HELICASE_ACTIVITY	GO:0009378
GO_DOUBLE_STRANDED_METHYLATED_DNA_BINDING	GO:0010385
GO_CYCLASE_REGULATOR_ACTIVITY	GO:0010851
GO_ADENYLATE_CYCLASE_ACTIVATOR_ACTIVITY	GO:0010856
GO_ANAPHASE_PROMOTING_COMPLEX_BINDING	GO:0010997
GO_PEPTIDE_DISULFIDE_OXIDOREDUCTASE_ACTIVITY	GO:0015037
GO_GLUTATHIONE_DISULFIDE_OXIDOREDUCTASE_ACTIVITY	GO:0015038
GO_THROMBIN_ACTIVATED_RECEPTOR_ACTIVITY	GO:0015057
GO_ION_TRANSMEMBRANE_TRANSPORTER_ACTIVITY	GO:0015075
GO_PROTON_TRANSMEMBRANE_TRANSPORTER_ACTIVITY	GO:0015078
GO_POTASSIUM_ION_TRANSMEMBRANE_TRANSPORTER_ACTIVITY	GO:0015079
GO_MAGNESIUM_ION_TRANSMEMBRANE_TRANSPORTER_ACTIVITY	GO:0015095
GO_CHLORIDE_TRANSMEMBRANE_TRANSPORTER_ACTIVITY	GO:0015108
GO_PHOSPHATE_ION_TRANSMEMBRANE_TRANSPORTER_ACTIVITY	GO:0015114
GO_SULFATE_TRANSMEMBRANE_TRANSPORTER_ACTIVITY	GO:0015116
GO_LACTATE_TRANSMEMBRANE_TRANSPORTER_ACTIVITY	GO:0015129
GO_SUCCINATE_TRANSMEMBRANE_TRANSPORTER_ACTIVITY	GO:0015141
GO_CARBOHYDRATE_TRANSMEMBRANE_TRANSPORTER_ACTIVITY	GO:0015144
GO_HEXOSE_TRANSMEMBRANE_TRANSPORTER_ACTIVITY	GO:0015149
GO_GLYCEROL_TRANSMEMBRANE_TRANSPORTER_ACTIVITY	GO:0015168
GO_AROMATIC_AMINO_ACID_TRANSMEMBRANE_TRANSPORTER_ACTIVITY	GO:0015173
GO_BASIC_AMINO_ACID_TRANSMEMBRANE_TRANSPORTER_ACTIVITY	GO:0015174
GO_NEUTRAL_AMINO_ACID_TRANSMEMBRANE_TRANSPORTER_ACTIVITY	GO:0015175
GO_ARGININE_TRANSMEMBRANE_TRANSPORTER_ACTIVITY	GO:0015181
GO_L_ASPARTATE_TRANSMEMBRANE_TRANSPORTER_ACTIVITY	GO:0015183
GO_GAMMA_AMINOBUTYRIC_ACID_TRANSMEMBRANE_TRANSPORTER_ACTIVITY	GO:0015185
GO_L_GLUTAMINE_TRANSMEMBRANE_TRANSPORTER_ACTIVITY	GO:0015186
GO_GLYCINE_TRANSMEMBRANE_TRANSPORTER_ACTIVITY	GO:0015187
GO_L_PROLINE_TRANSMEMBRANE_TRANSPORTER_ACTIVITY	GO:0015193
GO_L_SERINE_TRANSMEMBRANE_TRANSPORTER_ACTIVITY	GO:0015194
GO_UREA_TRANSMEMBRANE_TRANSPORTER_ACTIVITY	GO:0015204
GO_NUCLEOBASE_TRANSMEMBRANE_TRANSPORTER_ACTIVITY	GO:0015205
GO_PURINE_NUCLEOTIDE_TRANSMEMBRANE_TRANSPORTER_ACTIVITY	GO:0015216
GO_ADP_TRANSMEMBRANE_TRANSPORTER_ACTIVITY	GO:0015217
GO_ACYL_CARNITINE_TRANSMEMBRANE_TRANSPORTER_ACTIVITY	GO:0015227
GO_HEME_TRANSPORTER_ACTIVITY	GO:0015232
GO_FATTY_ACID_TRANSMEMBRANE_TRANSPORTER_ACTIVITY	GO:0015245
GO_PROTON_CHANNEL_ACTIVITY	GO:0015252
GO_OUTWARD_RECTIFIER_POTASSIUM_CHANNEL_ACTIVITY	GO:0015271
GO_LIGAND_GATED_ION_CHANNEL_ACTIVITY	GO:0015276
GO_KAINATE_SELECTIVE_GLUTAMATE_RECEPTOR_ACTIVITY	GO:0015277
GO_CALCIUM_RELEASE_CHANNEL_ACTIVITY	GO:0015278
GO_LIGAND_GATED_SODIUM_CHANNEL_ACTIVITY	GO:0015280
GO_PORIN_ACTIVITY	GO:0015288
GO_SODIUM_DEPENDENT_PHOSPHATE_TRANSMEMBRANE_TRANSPORTER_ACTIVITY	GO:0015321
GO_PEPTIDE_PROTON_SYMPORTER_ACTIVITY	GO:0015333
GO_SECONDARY_ACTIVE_MONOCARBOXYLATE_TRANSMEMBRANE_TRANSPORTER_ACTIVITY	GO:0015355
GO_CALCIUM_CATION_ANTIPORTER_ACTIVITY	GO:0015368
GO_ANION_SODIUM_SYMPORTER_ACTIVITY	GO:0015373
GO_CATION_CHLORIDE_SYMPORTER_ACTIVITY	GO:0015377
GO_SODIUM_CHLORIDE_SYMPORTER_ACTIVITY	GO:0015378
GO_POTASSIUM_CHLORIDE_SYMPORTER_ACTIVITY	GO:0015379
GO_PRIMARY_ACTIVE_TRANSMEMBRANE_TRANSPORTER_ACTIVITY	GO:0015399
GO_P_P_BOND_HYDROLYSIS_DRIVEN_PROTEIN_TRANSMEMBRANE_TRANSPORTER_ACTIVITY	GO:0015450
GO_C4_DICARBOXYLATE_TRANSMEMBRANE_TRANSPORTER_ACTIVITY	GO:0015556
GO_EFFLUX_TRANSMEMBRANE_TRANSPORTER_ACTIVITY	GO:0015562
GO_DNA_TRANSLOCASE_ACTIVITY	GO:0015616
GO_QUATERNARY_AMMONIUM_GROUP_TRANSMEMBRANE_TRANSPORTER_ACTIVITY	GO:0015651
GO_MANNOSYL_OLIGOSACCHARIDE_MANNOSIDASE_ACTIVITY	GO:0015924
GO_GALACTOSIDASE_ACTIVITY	GO:0015925
GO_MORPHOGEN_ACTIVITY	GO:0016015
GO_CYCLOSPORIN_A_BINDING	GO:0016018
GO_PEPTIDOGLYCAN_IMMUNE_RECEPTOR_ACTIVITY	GO:0016019
GO_AMYLASE_ACTIVITY	GO:0016160
GO_NAD_P_H_OXIDASE_ACTIVITY	GO:0016174
GO_SUPEROXIDE_GENERATING_NADPH_OXIDASE_ACTIVATOR_ACTIVITY	GO:0016176
GO_AMP_BINDING	GO:0016208
GO_ANTIOXIDANT_ACTIVITY	GO:0016209
GO_RNA_POLYMERASE_II_GENERAL_TRANSCRIPTION_INITIATION_FACTOR_ACTIVITY	GO:0016251
GO_PROTEIN_ARGININE_N_METHYLTRANSFERASE_ACTIVITY	GO:0016274
GO_1_PHOSPHATIDYLINOSITOL_4_PHOSPHATE_5_KINASE_ACTIVITY	GO:0016308
GO_CARNITINE_O_ACYLTRANSFERASE_ACTIVITY	GO:0016406
GO_O_ACETYLTRANSFERASE_ACTIVITY	GO:0016413
GO_O_PALMITOYLTRANSFERASE_ACTIVITY	GO:0016416
GO_TRNA_GUANINE_METHYLTRANSFERASE_ACTIVITY	GO:0016423
GO_TRNA_ADENINE_METHYLTRANSFERASE_ACTIVITY	GO:0016426
GO_TRNA_CYTOSINE_METHYLTRANSFERASE_ACTIVITY	GO:0016427
GO_TRNA_CYTOSINE_5_METHYLTRANSFERASE_ACTIVITY	GO:0016428
GO_RRNA_ADENINE_METHYLTRANSFERASE_ACTIVITY	GO:0016433
GO_RRNA_GUANINE_METHYLTRANSFERASE_ACTIVITY	GO:0016435
GO_C_ACETYLTRANSFERASE_ACTIVITY	GO:0016453
GO_C_PALMITOYLTRANSFERASE_ACTIVITY	GO:0016454
GO_C_X_C_CHEMOKINE_RECEPTOR_ACTIVITY	GO:0016494
GO_NUCLEOTIDE_RECEPTOR_ACTIVITY	GO:0016502
GO_PHEROMONE_RECEPTOR_ACTIVITY	GO:0016503
GO_METALLOCHAPERONE_ACTIVITY	GO:0016530
GO_COPPER_CHAPERONE_ACTIVITY	GO:0016531
GO_GLUTAMATE_BINDING	GO:0016595
GO_MALATE_DEHYDROGENASE_ACTIVITY	GO:0016615
GO_OXIDOREDUCTASE_ACTIVITY_ACTING_ON_THE_ALDEHYDE_OR_OXO_GROUP_OF_DONORS_DISULFIDE_AS_ACCEPTOR	GO:0016624
GO_OXIDOREDUCTASE_ACTIVITY_ACTING_ON_THE_CH_CH_GROUP_OF_DONORS_OXYGEN_AS_ACCEPTOR	GO:0016634
GO_OXIDOREDUCTASE_ACTIVITY_ACTING_ON_THE_CH_CH_GROUP_OF_DONORS_QUINONE_OR_RELATED_COMPOUND_AS_ACCEPTOR	GO:0016635
GO_OXIDOREDUCTASE_ACTIVITY_ACTING_ON_NAD_P_H_HEME_PROTEIN_AS_ACCEPTOR	GO:0016653
GO_OXIDOREDUCTASE_ACTIVITY_ACTING_ON_OTHER_NITROGENOUS_COMPOUNDS_AS_DONORS	GO:0016661
GO_OXIDOREDUCTASE_ACTIVITY_ACTING_ON_A_SULFUR_GROUP_OF_DONORS_NAD_P_AS_ACCEPTOR	GO:0016668
GO_OXIDOREDUCTASE_ACTIVITY_ACTING_ON_A_SULFUR_GROUP_OF_DONORS_OXYGEN_AS_ACCEPTOR	GO:0016670
GO_OXIDOREDUCTASE_ACTIVITY_ACTING_ON_DIPHENOLS_AND_RELATED_SUBSTANCES_AS_DONORS	GO:0016679
GO_2_OXOGLUTARATE_DEPENDENT_DIOXYGENASE_ACTIVITY	GO:0016706
GO_OXIDOREDUCTASE_ACTIVITY_ACTING_ON_PAIRED_DONORS_WITH_INCORPORATION_OR_REDUCTION_OF_MOLECULAR_OXYGEN_REDUCED_IRON_SULFUR_PROTEIN_AS_ONE_DONOR_AND_INCORPORATION_OF_ONE_ATOM_OF_OXYGEN	GO:0016713
GO_OXIDOREDUCTASE_ACTIVITY_ACTING_ON_PAIRED_DONORS_WITH_INCORPORATION_OR_REDUCTION_OF_MOLECULAR_OXYGEN_REDUCED_PTERIDINE_AS_ONE_DONOR_AND_INCORPORATION_OF_ONE_ATOM_OF_OXYGEN	GO:0016714
GO_OXIDOREDUCTASE_ACTIVITY_ACTING_ON_PAIRED_DONORS_WITH_INCORPORATION_OR_REDUCTION_OF_MOLECULAR_OXYGEN_REDUCED_ASCORBATE_AS_ONE_DONOR_AND_INCORPORATION_OF_ONE_ATOM_OF_OXYGEN	GO:0016715
GO_OXIDOREDUCTASE_ACTIVITY_ACTING_ON_PAIRED_DONORS_WITH_OXIDATION_OF_A_PAIR_OF_DONORS_RESULTING_IN_THE_REDUCTION_OF_MOLECULAR_OXYGEN_TO_TWO_MOLECULES_OF_WATER	GO:0016717
GO_OXIDOREDUCTASE_ACTIVITY_OXIDIZING_METAL_IONS_OXYGEN_AS_ACCEPTOR	GO:0016724
GO_OXIDOREDUCTASE_ACTIVITY_ACTING_ON_CH_OR_CH2_GROUPS	GO:0016725
GO_HYDROXYMETHYL_FORMYL_AND_RELATED_TRANSFERASE_ACTIVITY	GO:0016742
GO_DIPHOSPHOTRANSFERASE_ACTIVITY	GO:0016778
GO_SULFURTRANSFERASE_ACTIVITY	GO:0016783
GO_PHOSPHATASE_ACTIVITY	GO:0016791
GO_HYDROLASE_ACTIVITY_ACTING_ON_CARBON_NITROGEN_BUT_NOT_PEPTIDE_BONDS_IN_CYCLIC_AMIDES	GO:0016812
GO_ALDEHYDE_LYASE_ACTIVITY	GO:0016832
GO_OXO_ACID_LYASE_ACTIVITY	GO:0016833
GO_CARBON_NITROGEN_LYASE_ACTIVITY	GO:0016840
GO_AMMONIA_LYASE_ACTIVITY	GO:0016841
GO_AMIDINE_LYASE_ACTIVITY	GO:0016842
GO_PHOSPHORUS_OXYGEN_LYASE_ACTIVITY	GO:0016849
GO_RACEMASE_AND_EPIMERASE_ACTIVITY_ACTING_ON_CARBOHYDRATES_AND_DERIVATIVES	GO:0016857
GO_LIGASE_ACTIVITY_FORMING_CARBON_CARBON_BONDS	GO:0016885
GO_LIGASE_ACTIVITY_FORMING_PHOSPHORIC_ESTER_BONDS	GO:0016886
GO_ENDODEOXYRIBONUCLEASE_ACTIVITY_PRODUCING_3_PHOSPHOMONOESTERS	GO:0016889
GO_ENDORIBONUCLEASE_ACTIVITY_PRODUCING_3_PHOSPHOMONOESTERS	GO:0016892
GO_G_PROTEIN_COUPLED_ACETYLCHOLINE_RECEPTOR_ACTIVITY	GO:0016907
GO_NUCLEAR_RECEPTOR_BINDING	GO:0016922
GO_SUMO_SPECIFIC_PROTEASE_ACTIVITY	GO:0016929
GO_ACTIVIN_ACTIVATED_RECEPTOR_ACTIVITY	GO:0017002
GO_RAP_GUANYL_NUCLEOTIDE_EXCHANGE_FACTOR_ACTIVITY	GO:0017034
GO_N_ACYLSPHINGOSINE_AMIDOHYDROLASE_ACTIVITY	GO:0017040
GO_U6_SNRNA_BINDING	GO:0017070
GO_PHOSPHOLIPID_SCRAMBLASE_ACTIVITY	GO:0017128
GO_DEAD_H_BOX_RNA_HELICASE_BINDING	GO:0017151
GO_SODIUM_DICARBOXYLATE_SYMPORTER_ACTIVITY	GO:0017153
GO_SEMAPHORIN_RECEPTOR_ACTIVITY	GO:0017154
GO_ARYL_HYDROCARBON_RECEPTOR_BINDING	GO:0017162
GO_VINCULIN_BINDING	GO:0017166
GO_CDP_ALCOHOL_PHOSPHATIDYLTRANSFERASE_ACTIVITY	GO:0017169
GO_PHOSPHATIDYLINOSITOL_N_ACETYLGLUCOSAMINYLTRANSFERASE_ACTIVITY	GO:0017176
GO_3_HYDROXYACYL_COA_DEHYDRATASE_ACTIVITY	GO:0018812
GO_CENTROMERIC_DNA_BINDING	GO:0019237
GO_CYCLOHYDROLASE_ACTIVITY	GO:0019238
GO_OXALATE_TRANSMEMBRANE_TRANSPORTER_ACTIVITY	GO:0019531
GO_TOXIN_TRANSMEMBRANE_TRANSPORTER_ACTIVITY	GO:0019534
GO_IMMUNOGLOBULIN_RECEPTOR_ACTIVITY	GO:0019763
GO_NEDD8_SPECIFIC_PROTEASE_ACTIVITY	GO:0019784
GO_NEDD8_TRANSFERASE_ACTIVITY	GO:0019788
GO_PROCOLLAGEN_PROLINE_DIOXYGENASE_ACTIVITY	GO:0019798
GO_PHOSPHOLIPASE_A2_INHIBITOR_ACTIVITY	GO:0019834
GO_CALCIUM_CHANNEL_INHIBITOR_ACTIVITY	GO:0019855
GO_IGE_BINDING	GO:0019863
GO_CHLORIDE_CHANNEL_INHIBITOR_ACTIVITY	GO:0019869
GO_POTASSIUM_CHANNEL_INHIBITOR_ACTIVITY	GO:0019870
GO_SODIUM_CHANNEL_INHIBITOR_ACTIVITY	GO:0019871
GO_STRUCTURAL_CONSTITUENT_OF_MYELIN_SHEATH	GO:0019911
GO_C_C_CHEMOKINE_BINDING	GO:0019957
GO_C_X_C_CHEMOKINE_BINDING	GO:0019958
GO_C_X3_C_CHEMOKINE_BINDING	GO:0019960
GO_INTERLEUKIN_1_BINDING	GO:0019966
GO_POTASSIUM_ION_ANTIPORTER_ACTIVITY	GO:0022821
GO_POTASSIUM_ION_LEAK_CHANNEL_ACTIVITY	GO:0022841
GO_ACETYLCHOLINE_GATED_CATION_SELECTIVE_CHANNEL_ACTIVITY	GO:0022848
GO_GLUTAMATE_GATED_CALCIUM_ION_CHANNEL_ACTIVITY	GO:0022849
GO_SEROTONIN_GATED_CATION_SELECTIVE_CHANNEL_ACTIVITY	GO:0022850
GO_GABA_GATED_CHLORIDE_ION_CHANNEL_ACTIVITY	GO:0022851
GO_ALANINE_TRANSMEMBRANE_TRANSPORTER_ACTIVITY	GO:0022858
GO_SERINE_TRANSMEMBRANE_TRANSPORTER_ACTIVITY	GO:0022889
GO_MHC_CLASS_IB_PROTEIN_BINDING	GO:0023029
GO_EXTRACELLULAR_MATRIX_STRUCTURAL_CONSTITUENT_CONFERRING_TENSILE_STRENGTH	GO:0030020
GO_EXTRACELLULAR_MATRIX_STRUCTURAL_CONSTITUENT_CONFERRING_COMPRESSION_RESISTANCE	GO:0030021
GO_EXTRACELLULAR_MATRIX_CONSTITUENT_CONFERRING_ELASTICITY	GO:0030023
GO_BENZODIAZEPINE_RECEPTOR_BINDING	GO:0030156
GO_PROTEIN_XYLOSYLTRANSFERASE_ACTIVITY	GO:0030158
GO_NITRIC_OXIDE_SYNTHASE_REGULATOR_ACTIVITY	GO:0030235
GO_GUANYLATE_CYCLASE_REGULATOR_ACTIVITY	GO:0030249
GO_LIM_DOMAIN_BINDING	GO:0030274
GO_STRUCTURAL_CONSTITUENT_OF_SKIN_EPIDERMIS	GO:0030280
GO_ESTROGEN_RECEPTOR_ACTIVITY	GO:0030284
GO_TRANSMEMBRANE_RECEPTOR_PROTEIN_TYROSINE_KINASE_ACTIVATOR_ACTIVITY	GO:0030297
GO_ADP_RIBOSYLATION_FACTOR_BINDING	GO:0030306
GO_STRUCTURAL_CONSTITUENT_OF_TOOTH_ENAMEL	GO:0030345
GO_PROTEIN_PHOSPHATASE_2B_BINDING	GO:0030346
GO_INTERLEUKIN_17_RECEPTOR_ACTIVITY	GO:0030368
GO_NUCLEAR_RECEPTOR_TRANSCRIPTION_COACTIVATOR_ACTIVITY	GO:0030374
GO_HEMOGLOBIN_BINDING	GO:0030492
GO_ACETYLCHOLINE_RECEPTOR_INHIBITOR_ACTIVITY	GO:0030550
GO_TRANSFORMING_GROWTH_FACTOR_BETA_RECEPTOR_PATHWAY_SPECIFIC_CYTOPLASMIC_MEDIATOR_ACTIVITY	GO:0030618
GO_U1_SNRNA_BINDING	GO:0030619
GO_U4_SNRNA_BINDING	GO:0030621
GO_PRE_MRNA_3_SPLICE_SITE_BINDING	GO:0030628
GO_GTPASE_REGULATOR_ACTIVITY	GO:0030695
GO_LIPID_ANTIGEN_BINDING	GO:0030882
GO_TPR_DOMAIN_BINDING	GO:0030911
GO_TAT_PROTEIN_BINDING	GO:0030957
GO_RECEPTOR_TYROSINE_KINASE_BINDING	GO:0030971
GO_THIAMINE_PYROPHOSPHATE_BINDING	GO:0030976
GO_TROPONIN_I_BINDING	GO:0031013
GO_SMALL_GTPASE_BINDING	GO:0031267
GO_PROTEIN_TAG	GO:0031386
GO_CHLORIDE_ION_BINDING	GO:0031404
GO_COBALAMIN_BINDING	GO:0031419
GO_TELETHONIN_BINDING	GO:0031433
GO_PEPTIDYL_PROLINE_DIOXYGENASE_ACTIVITY	GO:0031543
GO_PEPTIDYL_PROLINE_4_DIOXYGENASE_ACTIVITY	GO:0031545
GO_POLYUBIQUITIN_MODIFICATION_DEPENDENT_PROTEIN_BINDING	GO:0031593
GO_OPIOID_RECEPTOR_BINDING	GO:0031628
GO_G_PROTEIN_BETA_SUBUNIT_BINDING	GO:0031681
GO_ALPHA_2A_ADRENERGIC_RECEPTOR_BINDING	GO:0031694
GO_BETA_2_ADRENERGIC_RECEPTOR_BINDING	GO:0031698
GO_HAPTOGLOBIN_BINDING	GO:0031720
GO_CCR1_CHEMOKINE_RECEPTOR_BINDING	GO:0031726
GO_CCR2_CHEMOKINE_RECEPTOR_BINDING	GO:0031727
GO_CCR5_CHEMOKINE_RECEPTOR_BINDING	GO:0031730
GO_CCR6_CHEMOKINE_RECEPTOR_BINDING	GO:0031731
GO_D1_DOPAMINE_RECEPTOR_BINDING	GO:0031748
GO_TYPE_5_METABOTROPIC_GLUTAMATE_RECEPTOR_BINDING	GO:0031802
GO_G_PROTEIN_COUPLED_SEROTONIN_RECEPTOR_BINDING	GO:0031821
GO_OLFACTORY_RECEPTOR_BINDING	GO:0031849
GO_MEDIUM_CHAIN_FATTY_ACID_COA_LIGASE_ACTIVITY	GO:0031956
GO_VERY_LONG_CHAIN_FATTY_ACID_COA_LIGASE_ACTIVITY	GO:0031957
GO_INSULIN_LIKE_GROWTH_FACTOR_I_BINDING	GO:0031994
GO_INSULIN_LIKE_GROWTH_FACTOR_II_BINDING	GO:0031995
GO_MYOSIN_LIGHT_CHAIN_BINDING	GO:0032027
GO_CLATHRIN_HEAVY_CHAIN_BINDING	GO:0032050
GO_CLATHRIN_LIGHT_CHAIN_BINDING	GO:0032051
GO_BILE_ACID_BINDING	GO:0032052
GO_DNA_INSERTION_OR_DELETION_BINDING	GO:0032135
GO_SUMO_POLYMER_BINDING	GO:0032184
GO_ACROSIN_BINDING	GO:0032190
GO_OXIDIZED_DNA_BINDING	GO:0032356
GO_MHC_CLASS_I_RECEPTOR_ACTIVITY	GO:0032393
GO_MHC_CLASS_IB_RECEPTOR_ACTIVITY	GO:0032394
GO_MISMATCH_REPAIR_COMPLEX_BINDING	GO:0032404
GO_MUTLALPHA_COMPLEX_BINDING	GO:0032405
GO_MUTSALPHA_COMPLEX_BINDING	GO:0032407
GO_HISTONE_DEMETHYLASE_ACTIVITY_H3_K4_SPECIFIC	GO:0032453
GO_HISTONE_DEMETHYLASE_ACTIVITY_H3_K9_SPECIFIC	GO:0032454
GO_DEOXYRIBONUCLEOTIDE_BINDING	GO:0032552
GO_ACETYLCHOLINE_RECEPTOR_BINDING	GO:0033130
GO_CALMODULIN_DEPENDENT_PROTEIN_PHOSPHATASE_ACTIVITY	GO:0033192
GO_SIALIC_ACID_BINDING	GO:0033691
GO_POLY_G_BINDING	GO:0034046
GO_APOLIPOPROTEIN_A_I_BINDING	GO:0034186
GO_APOLIPOPROTEIN_RECEPTOR_BINDING	GO:0034190
GO_GPI_ANCHOR_BINDING	GO:0034235
GO_DYNACTIN_BINDING	GO:0034452
GO_CHONDROITIN_SULFOTRANSFERASE_ACTIVITY	GO:0034481
GO_U3_SNORNA_BINDING	GO:0034511
GO_BOX_H_ACA_SNORNA_BINDING	GO:0034513
GO_PHOSPHATIDYLINOSITOL_BISPHOSPHATE_PHOSPHATASE_ACTIVITY	GO:0034593
GO_PHOSPHATIDYLINOSITOL_TRISPHOSPHATE_PHOSPHATASE_ACTIVITY	GO:0034594
GO_PHOSPHATIDYLINOSITOL_PHOSPHATE_4_PHOSPHATASE_ACTIVITY	GO:0034596
GO_ARGININE_BINDING	GO:0034618
GO_INHIBIN_BINDING	GO:0034711
GO_TYPE_I_TRANSFORMING_GROWTH_FACTOR_BETA_RECEPTOR_BINDING	GO:0034713
GO_1_PHOSPHATIDYLINOSITOL_4_PHOSPHATE_3_KINASE_ACTIVITY	GO:0035005
GO_PHOSPHATIDYLINOSITOL_3_KINASE_REGULATOR_ACTIVITY	GO:0035014
GO_HISTONE_SERINE_KINASE_ACTIVITY	GO:0035174
GO_HISTONE_THREONINE_KINASE_ACTIVITY	GO:0035184
GO_SIRNA_BINDING	GO:0035197
GO_UDP_GLUCOSYLTRANSFERASE_ACTIVITY	GO:0035251
GO_UDP_XYLOSYLTRANSFERASE_ACTIVITY	GO:0035252
GO_G_PROTEIN_COUPLED_GLUTAMATE_RECEPTOR_BINDING	GO:0035256
GO_NUCLEAR_HORMONE_RECEPTOR_BINDING	GO:0035257
GO_5_3_EXODEOXYRIBONUCLEASE_ACTIVITY	GO:0035312
GO_TOLL_LIKE_RECEPTOR_BINDING	GO:0035325
GO_CHONDROITIN_SULFATE_BINDING	GO:0035374
GO_ATP_GATED_ION_CHANNEL_ACTIVITY	GO:0035381
GO_LIPASE_BINDING	GO:0035473
GO_OXIDATIVE_RNA_DEMETHYLASE_ACTIVITY	GO:0035515
GO_NADH_PYROPHOSPHATASE_ACTIVITY	GO:0035529
GO_PURINERGIC_RECEPTOR_ACTIVITY	GO:0035586
GO_AP_2_ADAPTOR_COMPLEX_BINDING	GO:0035612
GO_RNA_STEM_LOOP_BINDING	GO:0035613
GO_AP_1_ADAPTOR_COMPLEX_BINDING	GO:0035650
GO_ENONE_REDUCTASE_ACTIVITY	GO:0035671
GO_OLIGOPEPTIDE_TRANSMEMBRANE_TRANSPORTER_ACTIVITY	GO:0035673
GO_LYSOPHOSPHATIDIC_ACID_BINDING	GO:0035727
GO_MEDIATOR_COMPLEX_BINDING	GO:0036033
GO_LONG_CHAIN_FATTY_ACYL_COA_BINDING	GO:0036042
GO_BMP_BINDING	GO:0036122
GO_ANNEALING_HELICASE_ACTIVITY	GO:0036310
GO_PHOSPHATIDYLINOSITOL_3_KINASE_REGULATORY_SUBUNIT_BINDING	GO:0036312
GO_GLUTATHIONE_HYDROLASE_ACTIVITY	GO:0036374
GO_K48_LINKED_POLYUBIQUITIN_MODIFICATION_DEPENDENT_PROTEIN_BINDING	GO:0036435
GO_SPHINGOSINE_1_PHOSPHATE_RECEPTOR_ACTIVITY	GO:0038036
GO_COLLAGEN_RECEPTOR_ACTIVITY	GO:0038064
GO_VASCULAR_ENDOTHELIAL_GROWTH_FACTOR_BINDING	GO:0038085
GO_NODAL_BINDING	GO:0038100
GO_NEUREGULIN_BINDING	GO:0038132
GO_PATTERN_RECOGNITION_RECEPTOR_ACTIVITY	GO:0038187
GO_CO_RECEPTOR_BINDING	GO:0039706
GO_ATPASE_INHIBITOR_ACTIVITY	GO:0042030
GO_PEPTIDE_BINDING	GO:0042277
GO_MHC_CLASS_II_PROTEIN_BINDING	GO:0042289
GO_HEPARAN_SULFATE_N_ACETYLGLUCOSAMINYLTRANSFERASE_ACTIVITY	GO:0042328
GO_ASPARTIC_ENDOPEPTIDASE_ACTIVITY_INTRAMEMBRANE_CLEAVING	GO:0042500
GO_LIPID_PHOSPHATASE_ACTIVITY	GO:0042577
GO_T_CELL_RECEPTOR_BINDING	GO:0042608
GO_CD4_RECEPTOR_BINDING	GO:0042609
GO_HISTONE_METHYLTRANSFERASE_ACTIVITY_H4_K20_SPECIFIC	GO:0042799
GO_FUCOSE_BINDING	GO:0042806
GO_ORNITHINE_DECARBOXYLASE_REGULATOR_ACTIVITY	GO:0042979
GO_ATP_DEPENDENT_PROTEIN_BINDING	GO:0043008
GO_RIBOSOMAL_LARGE_SUBUNIT_BINDING	GO:0043023
GO_NEUROTROPHIN_BINDING	GO:0043121
GO_UBIQUITIN_BINDING	GO:0043130
GO_5_3_DNA_HELICASE_ACTIVITY	GO:0043139
GO_VASCULAR_ENDOTHELIAL_GROWTH_FACTOR_RECEPTOR_2_BINDING	GO:0043184
GO_GLYCOSPHINGOLIPID_BINDING	GO:0043208
GO_LAMININ_1_BINDING	GO:0043237
GO_PROTEIN_KINASE_B_BINDING	GO:0043422
GO_PROTEIN_MEMBRANE_ADAPTOR	GO:0043495
GO_KINETOCHORE_BINDING	GO:0043515
GO_INOSITOL_1_3_4_5_TETRAKISPHOSPHATE_BINDING	GO:0043533
GO_MOLYBDOPTERIN_COFACTOR_BINDING	GO:0043546
GO_INSULIN_BINDING	GO:0043559
GO_GLYCERALDEHYDE_3_PHOSPHATE_DEHYDROGENASE_NADPLUS_NON_PHOSPHORYLATING_ACTIVITY	GO:0043878
GO_HISTONE_ACETYLTRANSFERASE_ACTIVITY_H4_K5_SPECIFIC	GO:0043995
GO_PROTEIN_FOLDING_CHAPERONE	GO:0044183
GO_SMALL_PROTEIN_ACTIVATING_ENZYME_BINDING	GO:0044388
GO_DNA_TOPOISOMERASE_BINDING	GO:0044547
GO_ATPASE_ACTIVITY_COUPLED_TO_TRANSMEMBRANE_MOVEMENT_OF_IONS_ROTATIONAL_MECHANISM	GO:0044769
GO_PROTEIN_CONTAINING_COMPLEX_BINDING	GO:0044877
GO_MYOSIN_II_BINDING	GO:0045159
GO_ALPHA_CATENIN_BINDING	GO:0045294
GO_DYNEIN_LIGHT_CHAIN_BINDING	GO:0045503
GO_DYNEIN_HEAVY_CHAIN_BINDING	GO:0045504
GO_DYNEIN_INTERMEDIATE_CHAIN_BINDING	GO:0045505
GO_SYNDECAN_BINDING	GO:0045545
GO_TRAIL_BINDING	GO:0045569
GO_SPHINGOLIPID_TRANSPORTER_ACTIVITY	GO:0046624
GO_SPHINGOLIPID_BINDING	GO:0046625
GO_NATURAL_KILLER_CELL_LECTIN_LIKE_RECEPTOR_BINDING	GO:0046703
GO_VIRION_BINDING	GO:0046790
GO_CADMIUM_ION_BINDING	GO:0046870
GO_TRANSFERASE_ACTIVITY_TRANSFERRING_ACYL_GROUPS_ACYL_GROUPS_CONVERTED_INTO_ALKYL_ON_TRANSFER	GO:0046912
GO_ALPHA_1_3_FUCOSYLTRANSFERASE_ACTIVITY	GO:0046920
GO_ER_RETENTION_SEQUENCE_BINDING	GO:0046923
GO_1_PHOSPHATIDYLINOSITOL_3_KINASE_REGULATOR_ACTIVITY	GO:0046935
GO_HISTONE_METHYLTRANSFERASE_ACTIVITY_H3_K9_SPECIFIC	GO:0046974
GO_HISTONE_METHYLTRANSFERASE_ACTIVITY_H3_K36_SPECIFIC	GO:0046975
GO_HISTONE_METHYLTRANSFERASE_ACTIVITY_H3_K27_SPECIFIC	GO:0046976
GO_TESTOSTERONE_DEHYDROGENASE_NADPLUS_ACTIVITY	GO:0047035
GO_KETOSTEROID_MONOOXYGENASE_ACTIVITY	GO:0047086
GO_1_ACYLGLYCEROPHOSPHOCHOLINE_O_ACYLTRANSFERASE_ACTIVITY	GO:0047184
GO_ACYLGLYCEROL_LIPASE_ACTIVITY	GO:0047372
GO_NUCLEOSIDE_TRIPHOSPHATE_DIPHOSPHATASE_ACTIVITY	GO:0047429
GO_CALCIUM_DEPENDENT_PHOSPHOLIPASE_A2_ACTIVITY	GO:0047498
GO_CALCIUM_INDEPENDENT_PHOSPHOLIPASE_A2_ACTIVITY	GO:0047499
GO_ADP_RIBOSE_DIPHOSPHATASE_ACTIVITY	GO:0047631
GO_BUTYRATE_COA_LIGASE_ACTIVITY	GO:0047760
GO_GLYCINE_N_ACYLTRANSFERASE_ACTIVITY	GO:0047961
GO_RECEPTOR_ANTAGONIST_ACTIVITY	GO:0048019
GO_MRNA_5_UTR_BINDING	GO:0048027
GO_UBIQUINONE_BINDING	GO:0048039
GO_CXCR3_CHEMOKINE_RECEPTOR_BINDING	GO:0048248
GO_FLAP_ENDONUCLEASE_ACTIVITY	GO:0048256
GO_MITOGEN_ACTIVATED_PROTEIN_KINASE_P38_BINDING	GO:0048273
GO_NERVE_GROWTH_FACTOR_BINDING	GO:0048406
GO_ROUNDABOUT_BINDING	GO:0048495
GO_M7G_5_PPPN_DIPHOSPHATASE_ACTIVITY	GO:0050072
GO_NUCLEOSIDE_MONOPHOSPHATE_KINASE_ACTIVITY	GO:0050145
GO_SPHINGOSINE_N_ACYLTRANSFERASE_ACTIVITY	GO:0050291
GO_ICOSANOID_BINDING	GO:0050542
GO_ICOSATETRAENOIC_ACID_BINDING	GO:0050543
GO_ARACHIDONIC_ACID_BINDING	GO:0050544
GO_3_PHOSPHOADENOSINE_5_PHOSPHOSULFATE_BINDING	GO:0050656
GO_LBD_DOMAIN_BINDING	GO:0050693
GO_CARD_DOMAIN_BINDING	GO:0050700
GO_RS_DOMAIN_BINDING	GO:0050733
GO_PHOSPHOSERINE_RESIDUE_BINDING	GO:0050815
GO_PYRUVATE_TRANSMEMBRANE_TRANSPORTER_ACTIVITY	GO:0050833
GO_MICROTUBULE_PLUS_END_BINDING	GO:0051010
GO_MICROTUBULE_MINUS_END_BINDING	GO:0051011
GO_COFACTOR_TRANSMEMBRANE_TRANSPORTER_ACTIVITY	GO:0051184
GO_COENZYME_TRANSMEMBRANE_TRANSPORTER_ACTIVITY	GO:0051185
GO_MUSCLE_ALPHA_ACTININ_BINDING	GO:0051371
GO_FATZ_BINDING	GO:0051373
GO_EPINEPHRINE_BINDING	GO:0051379
GO_NOREPINEPHRINE_BINDING	GO:0051380
GO_BH_DOMAIN_BINDING	GO:0051400
GO_CORTICOTROPIN_RELEASING_HORMONE_RECEPTOR_BINDING	GO:0051429
GO_BH3_DOMAIN_BINDING	GO:0051434
GO_NFAT_PROTEIN_BINDING	GO:0051525
GO_5_DEOXYRIBOSE_5_PHOSPHATE_LYASE_ACTIVITY	GO:0051575
GO_HISTONE_DEMETHYLASE_ACTIVITY_H3_K36_SPECIFIC	GO:0051864
GO_G_QUADRUPLEX_DNA_BINDING	GO:0051880
GO_PEROXIREDOXIN_ACTIVITY	GO:0051920
GO_DYNEIN_LIGHT_INTERMEDIATE_CHAIN_BINDING	GO:0051959
GO_PROTEIN_CARBOXYL_O_METHYLTRANSFERASE_ACTIVITY	GO:0051998
GO_NADP_RETINOL_DEHYDROGENASE_ACTIVITY	GO:0052650
GO_PHOSPHATIDYLINOSITOL_BISPHOSPHATE_KINASE_ACTIVITY	GO:0052813
GO_GAP_JUNCTION_HEMI_CHANNEL_ACTIVITY	GO:0055077
GO_UBIQUITIN_PROTEIN_TRANSFERASE_INHIBITOR_ACTIVITY	GO:0055105
GO_UBIQUITIN_PROTEIN_TRANSFERASE_REGULATOR_ACTIVITY	GO:0055106
GO_C3HC4_TYPE_RING_FINGER_DOMAIN_BINDING	GO:0055131
GO_MOLECULAR_TRANSDUCER_ACTIVITY	GO:0060089
GO_MOLECULAR_ADAPTOR_ACTIVITY	GO:0060090
GO_PHOSPHATIDYLCHOLINE_STEROL_O_ACYLTRANSFERASE_ACTIVATOR_ACTIVITY	GO:0060228
GO_ENDOPEPTIDASE_ACTIVATOR_ACTIVITY	GO:0061133
GO_ENDOPEPTIDASE_REGULATOR_ACTIVITY	GO:0061135
GO_CYCLIN_DEPENDENT_PROTEIN_SERINE_THREONINE_KINASE_ACTIVATOR_ACTIVITY	GO:0061575
GO_LYS63_SPECIFIC_DEUBIQUITINASE_ACTIVITY	GO:0061578
GO_NUCLEAR_IMPORT_SIGNAL_RECEPTOR_ACTIVITY	GO:0061608
GO_RNA_POLYMERASE_II_SPECIFIC_DNA_BINDING_TRANSCRIPTION_FACTOR_BINDING	GO:0061629
GO_SUMO_LIGASE_ACTIVITY	GO:0061665
GO_IMPORTIN_ALPHA_FAMILY_PROTEIN_BINDING	GO:0061676
GO_PEPTIDOGLYCAN_MURALYTIC_ACTIVITY	GO:0061783
GO_REGULATORY_RNA_BINDING	GO:0061980
GO_RNA_2_O_METHYLTRANSFERASE_ACTIVITY	GO:0062105
GO_FRUCTOSE_BINDING	GO:0070061
GO_CHROMO_SHADOW_DOMAIN_BINDING	GO:0070087
GO_FRUCTOSE_6_PHOSPHATE_BINDING	GO:0070095
GO_DELTA_CATENIN_BINDING	GO:0070097
GO_LARGE_RIBOSOMAL_SUBUNIT_RRNA_BINDING	GO:0070180
GO_SMALL_RIBOSOMAL_SUBUNIT_RRNA_BINDING	GO:0070181
GO_VITAMIN_B6_BINDING	GO:0070279
GO_N_ACYLPHOSPHATIDYLETHANOLAMINE_SPECIFIC_PHOSPHOLIPASE_D_ACTIVITY	GO:0070290
GO_THYROID_HORMONE_BINDING	GO:0070324
GO_AROMATASE_ACTIVITY	GO:0070330
GO_NADPLUS_BINDING	GO:0070403
GO_OLIGOSACCHARIDE_BINDING	GO:0070492
GO_DEATH_DOMAIN_BINDING	GO:0070513
GO_K63_LINKED_POLYUBIQUITIN_MODIFICATION_DEPENDENT_PROTEIN_BINDING	GO:0070530
GO_CYTIDYLYLTRANSFERASE_ACTIVITY	GO:0070567
GO_GUANYLYLTRANSFERASE_ACTIVITY	GO:0070568
GO_URIDYLYLTRANSFERASE_ACTIVITY	GO:0070569
GO_INOSITOL_1_4_5_TRISPHOSPHATE_BINDING	GO:0070679
GO_TRANSMEMBRANE_RECEPTOR_PROTEIN_SERINE_THREONINE_KINASE_BINDING	GO:0070696
GO_ACTIVIN_RECEPTOR_BINDING	GO:0070697
GO_BMP_RECEPTOR_BINDING	GO:0070700
GO_LEUCINE_BINDING	GO:0070728
GO_PROTEIN_GLUTAMIC_ACID_LIGASE_ACTIVITY	GO:0070739
GO_DYNEIN_COMPLEX_BINDING	GO:0070840
GO_PRIMARY_MIRNA_BINDING	GO:0070878
GO_PRE_MIRNA_BINDING	GO:0070883
GO_SNRNP_BINDING	GO:0070990
GO_CONNEXIN_BINDING	GO:0071253
GO_ANKYRIN_REPEAT_BINDING	GO:0071532
GO_HISTONE_DEMETHYLASE_ACTIVITY_H3_K27_SPECIFIC	GO:0071558
GO_LIPOPEPTIDE_BINDING	GO:0071723
GO_ARP2_3_COMPLEX_BINDING	GO:0071933
GO_CORECEPTOR_ACTIVITY_INVOLVED_IN_WNT_SIGNALING_PATHWAY	GO:0071936
GO_WD40_REPEAT_DOMAIN_BINDING	GO:0071987
GO_NAADP_SENSITIVE_CALCIUM_RELEASE_CHANNEL_ACTIVITY	GO:0072345
GO_PROTEIN_PHOSPHATASE_ACTIVATOR_ACTIVITY	GO:0072542
GO_VOLTAGE_GATED_SODIUM_CHANNEL_ACTIVITY_INVOLVED_IN_CARDIAC_MUSCLE_CELL_ACTION_POTENTIAL	GO:0086006
GO_VOLTAGE_GATED_CALCIUM_CHANNEL_ACTIVITY_INVOLVED_IN_CARDIAC_MUSCLE_CELL_ACTION_POTENTIAL	GO:0086007
GO_VOLTAGE_GATED_POTASSIUM_CHANNEL_ACTIVITY_INVOLVED_IN_CARDIAC_MUSCLE_CELL_ACTION_POTENTIAL_REPOLARIZATION	GO:0086008
GO_PROTEIN_BINDING_INVOLVED_IN_HETEROTYPIC_CELL_CELL_ADHESION	GO:0086080
GO_CELL_ADHESIVE_PROTEIN_BINDING_INVOLVED_IN_BUNDLE_OF_HIS_CELL_PURKINJE_MYOCYTE_COMMUNICATION	GO:0086083
GO_CASPASE_BINDING	GO:0089720
GO_VITAMIN_TRANSMEMBRANE_TRANSPORTER_ACTIVITY	GO:0090482
GO_ALPHA_GLUCOSIDASE_ACTIVITY	GO:0090599
GO_CERAMIDE_BINDING	GO:0097001
GO_UBIQUITIN_PROTEIN_TRANSFERASE_ACTIVATOR_ACTIVITY	GO:0097027
GO_SUPERCOILED_DNA_BINDING	GO:0097100
GO_NEUROLIGIN_FAMILY_PROTEIN_BINDING	GO:0097109
GO_PRE_MRNA_INTRONIC_BINDING	GO:0097157
GO_CYSTEINE_TYPE_ENDOPEPTIDASE_ACTIVITY_INVOLVED_IN_APOPTOTIC_SIGNALING_PATHWAY	GO:0097199
GO_7SK_SNRNA_BINDING	GO:0097322
GO_MDM2_MDM4_FAMILY_PROTEIN_BINDING	GO:0097371
GO_STRUCTURAL_MOLECULE_ACTIVITY_CONFERRING_ELASTICITY	GO:0097493
GO_CALCITONIN_FAMILY_RECEPTOR_ACTIVITY	GO:0097642
GO_STAT_FAMILY_PROTEIN_BINDING	GO:0097677
GO_DISORDERED_DOMAIN_SPECIFIC_BINDING	GO:0097718
GO_G_RICH_STRAND_TELOMERIC_DNA_BINDING	GO:0098505
GO_CELL_ADHESION_MEDIATOR_ACTIVITY	GO:0098631
GO_CELL_MATRIX_ADHESION_MEDIATOR_ACTIVITY	GO:0098634
GO_COLLAGEN_BINDING_INVOLVED_IN_CELL_MATRIX_ADHESION	GO:0098639
GO_CADHERIN_BINDING_INVOLVED_IN_CELL_CELL_ADHESION	GO:0098641
GO_BMP_RECEPTOR_ACTIVITY	GO:0098821
GO_SEQUENCE_SPECIFIC_SINGLE_STRANDED_DNA_BINDING	GO:0098847
GO_STRUCTURAL_CONSTITUENT_OF_SYNAPSE	GO:0098918
GO_POSTSYNAPTIC_NEUROTRANSMITTER_RECEPTOR_ACTIVITY	GO:0098960
GO_LIGAND_GATED_CATION_CHANNEL_ACTIVITY	GO:0099094
GO_LIGAND_GATED_ANION_CHANNEL_ACTIVITY	GO:0099095
GO_ION_CHANNEL_REGULATOR_ACTIVITY	GO:0099106
GO_RNA_POLYMERASE_II_C_TERMINAL_DOMAIN_BINDING	GO:0099122
GO_VOLTAGE_GATED_CALCIUM_CHANNEL_ACTIVITY_INVOLVED_IN_REGULATION_OF_CYTOSOLIC_CALCIUM_LEVELS	GO:0099511
GO_NEUROTRANSMITTER_RECEPTOR_REGULATOR_ACTIVITY	GO:0099602
GO_VOLTAGE_GATED_CALCIUM_CHANNEL_ACTIVITY_INVOLVED_IN_REGULATION_OF_PRESYNAPTIC_CYTOSOLIC_CALCIUM_LEVELS	GO:0099626
GO_ESTROGEN_16_ALPHA_HYDROXYLASE_ACTIVITY	GO:0101020
GO_CERAMIDASE_ACTIVITY	GO:0102121
GO_3_OXO_ARACHIDOYL_COA_SYNTHASE_ACTIVITY	GO:0102336
GO_PHOSPHOLIPASE_A2_ACTIVITY_CONSUMING_1_2_DIPALMITOYLPHOSPHATIDYLCHOLINE	GO:0102567
GO_HYPOGLYCIN_A_GAMMA_GLUTAMYL_TRANSPEPTIDASE_ACTIVITY	GO:0102953
GO_MYRISTOYL_COA_HYDROLASE_ACTIVITY	GO:0102991
GO_ALPHA_AMYLASE_ACTIVITY_RELEASING_MALTOHEXAOSE	GO:0103025
GO_PHOSPHATIDYLINOSITOL_3_5_BISPHOSPHATE_PHOSPHATASE_ACTIVITY	GO:0106018
GO_PHOSPHATIDYLINOSITOL_4_5_BISPHOSPHATE_PHOSPHATASE_ACTIVITY	GO:0106019
GO_LIPID_TRANSFER_ACTIVITY	GO:0120013
GO_MODIFICATION_DEPENDENT_PROTEIN_BINDING	GO:0140030
GO_UBIQUITINATION_LIKE_MODIFICATION_DEPENDENT_PROTEIN_BINDING	GO:0140035
GO_CLASS_I_DNA_APURINIC_OR_APYRIMIDINIC_SITE_ENDONUCLEASE_ACTIVITY	GO:0140078
GO_CATALYTIC_ACTIVITY_ACTING_ON_DNA	GO:0140097
GO_CATALYTIC_ACTIVITY_ACTING_ON_RNA	GO:0140098
GO_CATALYTIC_ACTIVITY_ACTING_ON_A_TRNA	GO:0140101
GO_CATALYTIC_ACTIVITY_ACTING_ON_A_RRNA	GO:0140102
GO_CATALYTIC_ACTIVITY_ACTING_ON_A_GLYCOPROTEIN	GO:0140103
GO_MOLECULAR_CARRIER_ACTIVITY	GO:0140104
GO_NUCLEOCYTOPLASMIC_CARRIER_ACTIVITY	GO:0140142
GO_GENERAL_TRANSCRIPTION_INITIATION_FACTOR_ACTIVITY	GO:0140223
GO_EXOGENOUS_PROTEIN_BINDING	GO:0140272
GO_GENERAL_TRANSCRIPTION_INITIATION_FACTOR_BINDING	GO:0140296
GO_DNA_BINDING_TRANSCRIPTION_FACTOR_BINDING	GO:0140297
GO_AZOLE_TRANSMEMBRANE_TRANSPORTER_ACTIVITY	GO:1901474
GO_CARBOHYDRATE_DERIVATIVE_TRANSMEMBRANE_TRANSPORTER_ACTIVITY	GO:1901505
GO_FATTY_ACID_DERIVATIVE_BINDING	GO:1901567
GO_PHOSPHATIDYLGLYCEROL_BINDING	GO:1901611
GO_CARDIOLIPIN_BINDING	GO:1901612
GO_VOLTAGE_GATED_POTASSIUM_CHANNEL_ACTIVITY_INVOLVED_IN_VENTRICULAR_CARDIAC_MUSCLE_CELL_ACTION_POTENTIAL_REPOLARIZATION	GO:1902282
GO_CERAMIDE_1_PHOSPHATE_BINDING	GO:1902387
GO_CUPROUS_ION_BINDING	GO:1903136
GO_S_ADENOSYL_L_METHIONINE_BINDING	GO:1904047
GO_PEPTIDE_TRANSMEMBRANE_TRANSPORTER_ACTIVITY	GO:1904680
GO_CORECEPTOR_ACTIVITY_INVOLVED_IN_WNT_SIGNALING_PATHWAY_PLANAR_CELL_POLARITY_PATHWAY	GO:1904929
GO_POLYSOME_BINDING	GO:1905538
GO_PHOSPHATIDIC_ACID_TRANSFER_ACTIVITY	GO:1990050
GO_HISTONE_METHYLTRANSFERASE_BINDING	GO:1990226
GO_STEROID_HORMONE_BINDING	GO:1990239
GO_N6_METHYLADENOSINE_CONTAINING_RNA_BINDING	GO:1990247
GO_KERATIN_FILAMENT_BINDING	GO:1990254
GO_LYS48_SPECIFIC_DEUBIQUITINASE_ACTIVITY	GO:1990380
GO_PROTEIN_ADP_RIBOSYLASE_ACTIVITY	GO:1990404
GO_PROTEIN_ANTIGEN_BINDING	GO:1990405
GO_EXTRACELLULAR_MATRIX_PROTEIN_BINDING	GO:1990430
GO_U1_SNRNP_BINDING	GO:1990446
GO_TRANSFERRIN_RECEPTOR_BINDING	GO:1990459
GO_PROTEIN_BINDING_BRIDGING_INVOLVED_IN_SUBSTRATE_RECOGNITION_FOR_UBIQUITINATION	GO:1990756
GO_ARRESTIN_FAMILY_PROTEIN_BINDING	GO:1990763
GO_RNA_ADENYLYLTRANSFERASE_ACTIVITY	GO:1990817
GO_SEQUENCE_SPECIFIC_MRNA_BINDING	GO:1990825
GO_SEQUENCE_SPECIFIC_DOUBLE_STRANDED_DNA_BINDING	GO:1990837
GO_PROMOTER_SPECIFIC_CHROMATIN_BINDING	GO:1990841
GO_UBIQUITIN_LIGASE_INHIBITOR_ACTIVITY	GO:1990948
GO_DNA_BINDING_TRANSCRIPTION_FACTOR_ACTIVITY_RNA_POLYMERASE_II_SPECIFIC	GO:0000981
GO_DNA_BINDING_TRANSCRIPTION_REPRESSOR_ACTIVITY	GO:0001217
GO_ACETYL_COA_HYDROLASE_ACTIVITY	GO:0003986
GO_FATTY_ACYL_COA_SYNTHASE_ACTIVITY	GO:0004321
GO_PYRUVATE_DEHYDROGENASE_LIPOAMIDE_PHOSPHATASE_ACTIVITY	GO:0004741
GO_TRANSMEMBRANE_EPHRIN_RECEPTOR_ACTIVITY	GO:0005005
GO_TRANSFORMING_GROWTH_FACTOR_BETA_ACTIVATED_RECEPTOR_ACTIVITY	GO:0005024
GO_RNA_DEPENDENT_ATPASE_ACTIVITY	GO:0008186
GO_RETINOIC_ACID_4_HYDROXYLASE_ACTIVITY	GO:0008401
GO_COA_TRANSFERASE_ACTIVITY	GO:0008410
GO_BILE_ACID_SODIUM_SYMPORTER_ACTIVITY	GO:0008508
GO_SODIUM_TRANSMEMBRANE_TRANSPORTER_ACTIVITY_PHOSPHORYLATIVE_MECHANISM	GO:0008554
GO_PYROPHOSPHATE_HYDROLYSIS_DRIVEN_PROTON_TRANSMEMBRANE_TRANSPORTER_ACTIVITY	GO:0009678
GO_H3_HISTONE_ACETYLTRANSFERASE_ACTIVITY	GO:0010484
GO_TRICARBOXYLIC_ACID_TRANSMEMBRANE_TRANSPORTER_ACTIVITY	GO:0015142
GO_PYRIMIDINE_NUCLEOTIDE_SUGAR_TRANSMEMBRANE_TRANSPORTER_ACTIVITY	GO:0015165
GO_SODIUM_PROTON_ANTIPORTER_ACTIVITY	GO:0015385
GO_GLIAL_CELL_DERIVED_NEUROTROPHIC_FACTOR_RECEPTOR_ACTIVITY	GO:0016167
GO_1_PHOSPHATIDYLINOSITOL_3_KINASE_ACTIVITY	GO:0016303
GO_ACTIVIN_RECEPTOR_ACTIVITY_TYPE_I	GO:0016361
GO_HYDROLASE_ACTIVITY_ACTING_ON_ACID_PHOSPHORUS_NITROGEN_BONDS	GO:0016825
GO_GALACTOSIDE_BINDING	GO:0016936
GO_NATRIURETIC_PEPTIDE_RECEPTOR_ACTIVITY	GO:0016941
GO_SINGLE_STRANDED_DNA_HELICASE_ACTIVITY	GO:0017116
GO_ALCOHOL_DEHYDROGENASE_NAD_P_PLUS_ACTIVITY	GO:0018455
GO_PYRIMIDINE_NUCLEOTIDE_BINDING	GO:0019103
GO_ASPARTIC_TYPE_ENDOPEPTIDASE_INHIBITOR_ACTIVITY	GO:0019828
GO_INTERLEUKIN_2_BINDING	GO:0019976
GO_ION_GATED_CHANNEL_ACTIVITY	GO:0022839
GO_MHC_CLASS_I_PROTEIN_COMPLEX_BINDING	GO:0023024
GO_TESTOSTERONE_DEHYDROGENASE_NAD_P_ACTIVITY	GO:0030283
GO_U2_SNRNA_BINDING	GO:0030620
GO_NUCLEOSOMAL_HISTONE_BINDING	GO:0031493
GO_ADENOSINE_RECEPTOR_BINDING	GO:0031685
GO_HEMOGLOBIN_ALPHA_BINDING	GO:0031721
GO_D2_DOPAMINE_RECEPTOR_BINDING	GO:0031749
GO_RIBOFLAVIN_TRANSMEMBRANE_TRANSPORTER_ACTIVITY	GO:0032217
GO_PURINE_DEOXYRIBONUCLEOTIDE_BINDING	GO:0032554
GO_ATPASE_COUPLED_AMIDE_TRANSPORTER_ACTIVITY	GO:0033220
GO_DEHYDROASCORBIC_ACID_TRANSMEMBRANE_TRANSPORTER_ACTIVITY	GO:0033300
GO_ATPASE_COUPLED_LIPID_TRANSMEMBRANE_TRANSPORTER_ACTIVITY	GO:0034040
GO_SHORT_CHAIN_CARBOXYLESTERASE_ACTIVITY	GO:0034338
GO_SELENOCYSTEINE_INSERTION_SEQUENCE_BINDING	GO:0035368
GO_DNA_DEMETHYLASE_ACTIVITY	GO:0035514
GO_ATPASE_COUPLED_ION_TRANSMEMBRANE_TRANSPORTER_ACTIVITY	GO:0042625
GO_XENOBIOTIC_TRANSMEMBRANE_TRANSPORTER_ACTIVITY	GO:0042910
GO_SULFATE_BINDING	GO:0043199
GO_MRF_BINDING	GO:0043426
GO_RETINOIC_ACID_RESPONSIVE_ELEMENT_BINDING	GO:0044323
GO_ANDROSTERONE_DEHYDROGENASE_ACTIVITY	GO:0047023
GO_ARACHIDONATE_COA_LIGASE_ACTIVITY	GO:0047676
GO_DEOXYCYTIDINE_DEAMINASE_ACTIVITY	GO:0047844
GO_METAL_ION_PROTON_ANTIPORTER_ACTIVITY	GO:0051139
GO_INOSITOL_1_3_4_5_TETRAKISPHOSPHATE_5_PHOSPHATASE_ACTIVITY	GO:0052659
GO_PHOSPHATIDYLSERINE_1_ACYLHYDROLASE_ACTIVITY	GO:0052739
GO_PHOSPHATIDYLINOSITOL_3_4_BISPHOSPHATE_5_KINASE_ACTIVITY	GO:0052812
GO_CYSTEINE_TYPE_EXOPEPTIDASE_ACTIVITY	GO:0070004
GO_FIBRINOGEN_BINDING	GO:0070051
GO_ISOPEPTIDASE_ACTIVITY	GO:0070122
GO_STEROL_DESATURASE_ACTIVITY	GO:0070704
GO_LIGAND_ACTIVATED_TRANSCRIPTION_FACTOR_ACTIVITY	GO:0098531
GO_STRUCTURAL_CONSTITUENT_OF_POSTSYNAPTIC_ACTIN_CYTOSKELETON	GO:0098973
GO_G_PROTEIN_COUPLED_GLUTAMATE_RECEPTOR_ACTIVITY	GO:0098988
GO_STRUCTURAL_CONSTITUENT_OF_POSTSYNAPSE	GO:0099186
GO_NEUROTRANSMITTER_RECEPTOR_ACTIVITY_INVOLVED_IN_REGULATION_OF_POSTSYNAPTIC_MEMBRANE_POTENTIAL	GO:0099529
GO_PHOSPHOLIPID_TRANSFER_ACTIVITY	GO:0120014
GO_SPHINGOLIPID_TRANSFER_ACTIVITY	GO:0120016
GO_INTRACILIARY_TRANSPORT_PARTICLE_B_BINDING	GO:0120170
GO_TRANSCRIPTION_REGULATOR_ACTIVITY	GO:0140110
GO_SMALL_MOLECULE_SENSOR_ACTIVITY	GO:0140299
GO_INTRAMEMBRANE_LIPID_TRANSPORTER_ACTIVITY	GO:0140303
GO_CARGO_ADAPTOR_ACTIVITY	GO:0140312
GO_SOLUTE_ANION_ANTIPORTER_ACTIVITY	GO:0140323
GO_ATPASE_COUPLED_INTRAMEMBRANE_LIPID_TRANSPORTER_ACTIVITY	GO:0140326
GO_FLIPPASE_ACTIVITY	GO:0140327
GO_FLOPPASE_ACTIVITY	GO:0140328
GO_IMMUNE_RECEPTOR_ACTIVITY	GO:0140375
GO_RNA_BINDING_INVOLVED_IN_POSTTRANSCRIPTIONAL_GENE_SILENCING	GO:0150100
GO_GAP_JUNCTION_CHANNEL_ACTIVITY_INVOLVED_IN_CELL_COMMUNICATION_BY_ELECTRICAL_COUPLING	GO:1903763
